layer,gamma_type,alpha,beta,gamma,agreement_type,document,task_type,annotators,Luiza_annotations,Sara_annotations,human_annotator,model,human_annotations,model_annotations,model_a,model_b,model_a_annotations,model_b_annotations,Mistral_annotations,Qwen_annotations,Gemma_annotations
argumentation,standard,1,1,0.9740104,human-human,TED_001,argumentation,Luiza vs Sara,10,10,,,,,,,,,,,
argumentation,soft,1,1,0.9738398,human-human,TED_001,argumentation,Luiza vs Sara,10,10,,,,,,,,,,,
argumentation,standard,1,2,0.9749859,human-human,TED_001,argumentation,Luiza vs Sara,10,10,,,,,,,,,,,
argumentation,soft,1,2,0.9748279,human-human,TED_001,argumentation,Luiza vs Sara,10,10,,,,,,,,,,,
argumentation,standard,1,1,0.8680867,human-human,TED_002,argumentation,Luiza vs Sara,24,22,,,,,,,,,,,
argumentation,soft,1,1,0.86053383,human-human,TED_002,argumentation,Luiza vs Sara,24,22,,,,,,,,,,,
argumentation,standard,1,2,0.81427205,human-human,TED_002,argumentation,Luiza vs Sara,24,22,,,,,,,,,,,
argumentation,soft,1,2,0.80373347,human-human,TED_002,argumentation,Luiza vs Sara,24,22,,,,,,,,,,,
argumentation,standard,1,1,0.9227083,human-human,TED_004,argumentation,Luiza vs Sara,36,33,,,,,,,,,,,
argumentation,soft,1,1,0.9738885,human-human,TED_004,argumentation,Luiza vs Sara,36,33,,,,,,,,,,,
argumentation,standard,1,2,0.92953855,human-human,TED_004,argumentation,Luiza vs Sara,36,33,,,,,,,,,,,
argumentation,soft,1,2,0.9760832,human-human,TED_004,argumentation,Luiza vs Sara,36,33,,,,,,,,,,,
argumentation,standard,1,1,0.82244754,human-human,TED_005,argumentation,Luiza vs Sara,24,19,,,,,,,,,,,
argumentation,soft,1,1,0.8455037,human-human,TED_005,argumentation,Luiza vs Sara,24,19,,,,,,,,,,,
argumentation,standard,1,2,0.80203426,human-human,TED_005,argumentation,Luiza vs Sara,24,19,,,,,,,,,,,
argumentation,soft,1,2,0.8239057,human-human,TED_005,argumentation,Luiza vs Sara,24,19,,,,,,,,,,,
argumentation,standard,1,1,0.89828205,human-human,TED_006,argumentation,Luiza vs Sara,25,24,,,,,,,,,,,
argumentation,soft,1,1,0.9182144,human-human,TED_006,argumentation,Luiza vs Sara,25,24,,,,,,,,,,,
argumentation,standard,1,2,0.87825596,human-human,TED_006,argumentation,Luiza vs Sara,25,24,,,,,,,,,,,
argumentation,soft,1,2,0.89712405,human-human,TED_006,argumentation,Luiza vs Sara,25,24,,,,,,,,,,,
argumentation,standard,1,1,0.85082763,human-human,TED_007,argumentation,Luiza vs Sara,39,38,,,,,,,,,,,
argumentation,soft,1,1,0.8456389,human-human,TED_007,argumentation,Luiza vs Sara,39,38,,,,,,,,,,,
argumentation,standard,1,2,0.75228316,human-human,TED_007,argumentation,Luiza vs Sara,39,38,,,,,,,,,,,
argumentation,soft,1,2,0.74251187,human-human,TED_007,argumentation,Luiza vs Sara,39,38,,,,,,,,,,,
argumentation,standard,1,1,0.9548788,human-human,TED_008,argumentation,Luiza vs Sara,30,28,,,,,,,,,,,
argumentation,soft,1,1,0.95440173,human-human,TED_008,argumentation,Luiza vs Sara,30,28,,,,,,,,,,,
argumentation,standard,1,2,0.9562471,human-human,TED_008,argumentation,Luiza vs Sara,30,28,,,,,,,,,,,
argumentation,soft,1,2,0.95575404,human-human,TED_008,argumentation,Luiza vs Sara,30,28,,,,,,,,,,,
argumentation,standard,1,1,0.85959136,human-human,TED_010,argumentation,Luiza vs Sara,18,15,,,,,,,,,,,
argumentation,soft,1,1,0.8592083,human-human,TED_010,argumentation,Luiza vs Sara,18,15,,,,,,,,,,,
argumentation,standard,1,2,0.8299191,human-human,TED_010,argumentation,Luiza vs Sara,18,15,,,,,,,,,,,
argumentation,soft,1,2,0.8294841,human-human,TED_010,argumentation,Luiza vs Sara,18,15,,,,,,,,,,,
argumentation,standard,1,1,0.9725695,human-human,TED_011,argumentation,Luiza vs Sara,21,20,,,,,,,,,,,
argumentation,soft,1,1,0.9724744,human-human,TED_011,argumentation,Luiza vs Sara,21,20,,,,,,,,,,,
argumentation,standard,1,2,0.97338057,human-human,TED_011,argumentation,Luiza vs Sara,21,20,,,,,,,,,,,
argumentation,soft,1,2,0.97329795,human-human,TED_011,argumentation,Luiza vs Sara,21,20,,,,,,,,,,,
argumentation,standard,1,1,0.98147166,human-human,TED_012,argumentation,Luiza vs Sara,35,34,,,,,,,,,,,
argumentation,soft,1,1,0.9951155,human-human,TED_012,argumentation,Luiza vs Sara,35,34,,,,,,,,,,,
argumentation,standard,1,2,0.9823042,human-human,TED_012,argumentation,Luiza vs Sara,35,34,,,,,,,,,,,
argumentation,soft,1,2,0.9953334,human-human,TED_012,argumentation,Luiza vs Sara,35,34,,,,,,,,,,,
argumentation,standard,1,1,0.71963835,human-human,TED_015,argumentation,Luiza vs Sara,60,44,,,,,,,,,,,
argumentation,soft,1,1,0.7149889,human-human,TED_015,argumentation,Luiza vs Sara,60,44,,,,,,,,,,,
argumentation,standard,1,2,0.6847736,human-human,TED_015,argumentation,Luiza vs Sara,60,44,,,,,,,,,,,
argumentation,soft,1,2,0.678832,human-human,TED_015,argumentation,Luiza vs Sara,60,44,,,,,,,,,,,
argumentation,standard,1,1,0.76994926,human-human,TED_016,argumentation,Luiza vs Sara,59,44,,,,,,,,,,,
argumentation,soft,1,1,0.76627314,human-human,TED_016,argumentation,Luiza vs Sara,59,44,,,,,,,,,,,
argumentation,standard,1,2,0.73217225,human-human,TED_016,argumentation,Luiza vs Sara,59,44,,,,,,,,,,,
argumentation,soft,1,2,0.72753716,human-human,TED_016,argumentation,Luiza vs Sara,59,44,,,,,,,,,,,
argumentation,standard,1,1,0.9021689,human-human,TED_017,argumentation,Luiza vs Sara,53,51,,,,,,,,,,,
argumentation,soft,1,1,0.9094565,human-human,TED_017,argumentation,Luiza vs Sara,53,51,,,,,,,,,,,
argumentation,standard,1,2,0.9053276,human-human,TED_017,argumentation,Luiza vs Sara,53,51,,,,,,,,,,,
argumentation,soft,1,2,0.91229206,human-human,TED_017,argumentation,Luiza vs Sara,53,51,,,,,,,,,,,
argumentation,standard,1,1,0.95543414,human-human,TED_018,argumentation,Luiza vs Sara,57,58,,,,,,,,,,,
argumentation,soft,1,1,0.9608417,human-human,TED_018,argumentation,Luiza vs Sara,57,58,,,,,,,,,,,
argumentation,standard,1,2,0.94699097,human-human,TED_018,argumentation,Luiza vs Sara,57,58,,,,,,,,,,,
argumentation,soft,1,2,0.95203424,human-human,TED_018,argumentation,Luiza vs Sara,57,58,,,,,,,,,,,
argumentation,standard,1,1,0.91036004,human-human,TED_019,argumentation,Luiza vs Sara,65,63,,,,,,,,,,,
argumentation,soft,1,1,0.90868336,human-human,TED_019,argumentation,Luiza vs Sara,65,63,,,,,,,,,,,
argumentation,standard,1,2,0.9161899,human-human,TED_019,argumentation,Luiza vs Sara,65,63,,,,,,,,,,,
argumentation,soft,1,2,0.9144485,human-human,TED_019,argumentation,Luiza vs Sara,65,63,,,,,,,,,,,
argumentation,standard,1,1,0.94259065,human-human,TED_020,argumentation,Luiza vs Sara,98,100,,,,,,,,,,,
argumentation,soft,1,1,0.9456134,human-human,TED_020,argumentation,Luiza vs Sara,98,100,,,,,,,,,,,
argumentation,standard,1,2,0.9245329,human-human,TED_020,argumentation,Luiza vs Sara,98,100,,,,,,,,,,,
argumentation,soft,1,2,0.92622536,human-human,TED_020,argumentation,Luiza vs Sara,98,100,,,,,,,,,,,
argumentation,standard,1,1,0.19203049,model-human,TED_001,argumentation,Mistral vs Luiza,,,Luiza,Mistral,10,3,,,,,,,
argumentation,soft,1,1,0.19203049,model-human,TED_001,argumentation,Mistral vs Luiza,,,Luiza,Mistral,10,3,,,,,,,
argumentation,standard,1,2,0.1269911,model-human,TED_001,argumentation,Mistral vs Luiza,,,Luiza,Mistral,10,3,,,,,,,
argumentation,soft,1,2,0.1269911,model-human,TED_001,argumentation,Mistral vs Luiza,,,Luiza,Mistral,10,3,,,,,,,
argumentation,standard,1,1,0.11497575,model-human,TED_001,argumentation,Mistral vs Sara,,,Sara,Mistral,10,3,,,,,,,
argumentation,soft,1,1,0.11497575,model-human,TED_001,argumentation,Mistral vs Sara,,,Sara,Mistral,10,3,,,,,,,
argumentation,standard,1,2,0.036730528,model-human,TED_001,argumentation,Mistral vs Sara,,,Sara,Mistral,10,3,,,,,,,
argumentation,soft,1,2,0.036730528,model-human,TED_001,argumentation,Mistral vs Sara,,,Sara,Mistral,10,3,,,,,,,
argumentation,standard,1,1,0.34266424,model-human,TED_001,argumentation,Qwen vs Luiza,,,Luiza,Qwen,10,3,,,,,,,
argumentation,soft,1,1,0.34266424,model-human,TED_001,argumentation,Qwen vs Luiza,,,Luiza,Qwen,10,3,,,,,,,
argumentation,standard,1,2,0.36701167,model-human,TED_001,argumentation,Qwen vs Luiza,,,Luiza,Qwen,10,3,,,,,,,
argumentation,soft,1,2,0.36701167,model-human,TED_001,argumentation,Qwen vs Luiza,,,Luiza,Qwen,10,3,,,,,,,
argumentation,standard,1,1,0.33521312,model-human,TED_001,argumentation,Qwen vs Sara,,,Sara,Qwen,10,3,,,,,,,
argumentation,soft,1,1,0.33521312,model-human,TED_001,argumentation,Qwen vs Sara,,,Sara,Qwen,10,3,,,,,,,
argumentation,standard,1,2,0.355111,model-human,TED_001,argumentation,Qwen vs Sara,,,Sara,Qwen,10,3,,,,,,,
argumentation,soft,1,2,0.355111,model-human,TED_001,argumentation,Qwen vs Sara,,,Sara,Qwen,10,3,,,,,,,
argumentation,standard,1,1,0.36686677,model-human,TED_001,argumentation,Gemma vs Luiza,,,Luiza,Gemma,10,4,,,,,,,
argumentation,soft,1,1,0.36665916,model-human,TED_001,argumentation,Gemma vs Luiza,,,Luiza,Gemma,10,4,,,,,,,
argumentation,standard,1,2,0.37919557,model-human,TED_001,argumentation,Gemma vs Luiza,,,Luiza,Gemma,10,4,,,,,,,
argumentation,soft,1,2,0.37899595,model-human,TED_001,argumentation,Gemma vs Luiza,,,Luiza,Gemma,10,4,,,,,,,
argumentation,standard,1,1,0.363908,model-human,TED_001,argumentation,Gemma vs Sara,,,Sara,Gemma,10,4,,,,,,,
argumentation,soft,1,1,0.36347663,model-human,TED_001,argumentation,Gemma vs Sara,,,Sara,Gemma,10,4,,,,,,,
argumentation,standard,1,2,0.37330526,model-human,TED_001,argumentation,Gemma vs Sara,,,Sara,Gemma,10,4,,,,,,,
argumentation,soft,1,2,0.37288654,model-human,TED_001,argumentation,Gemma vs Sara,,,Sara,Gemma,10,4,,,,,,,
argumentation,standard,1,1,0.27527404,model-human,TED_002,argumentation,Mistral vs Luiza,,,Luiza,Mistral,24,19,,,,,,,
argumentation,soft,1,1,0.2812826,model-human,TED_002,argumentation,Mistral vs Luiza,,,Luiza,Mistral,24,19,,,,,,,
argumentation,standard,1,2,0.11955702,model-human,TED_002,argumentation,Mistral vs Luiza,,,Luiza,Mistral,24,19,,,,,,,
argumentation,soft,1,2,0.11377305,model-human,TED_002,argumentation,Mistral vs Luiza,,,Luiza,Mistral,24,19,,,,,,,
argumentation,standard,1,1,0.20659357,model-human,TED_002,argumentation,Mistral vs Sara,,,Sara,Mistral,22,19,,,,,,,
argumentation,soft,1,1,0.20734483,model-human,TED_002,argumentation,Mistral vs Sara,,,Sara,Mistral,22,19,,,,,,,
argumentation,standard,1,2,-0.028638482,model-human,TED_002,argumentation,Mistral vs Sara,,,Sara,Mistral,22,19,,,,,,,
argumentation,soft,1,2,-0.039363027,model-human,TED_002,argumentation,Mistral vs Sara,,,Sara,Mistral,22,19,,,,,,,
argumentation,standard,1,1,0.2667219,model-human,TED_002,argumentation,Qwen vs Luiza,,,Luiza,Qwen,24,15,,,,,,,
argumentation,soft,1,1,0.26561654,model-human,TED_002,argumentation,Qwen vs Luiza,,,Luiza,Qwen,24,15,,,,,,,
argumentation,standard,1,2,0.23673701,model-human,TED_002,argumentation,Qwen vs Luiza,,,Luiza,Qwen,24,15,,,,,,,
argumentation,soft,1,2,0.20673507,model-human,TED_002,argumentation,Qwen vs Luiza,,,Luiza,Qwen,24,15,,,,,,,
argumentation,standard,1,1,0.30704772,model-human,TED_002,argumentation,Qwen vs Sara,,,Sara,Qwen,22,15,,,,,,,
argumentation,soft,1,1,0.30964,model-human,TED_002,argumentation,Qwen vs Sara,,,Sara,Qwen,22,15,,,,,,,
argumentation,standard,1,2,0.263861,model-human,TED_002,argumentation,Qwen vs Sara,,,Sara,Qwen,22,15,,,,,,,
argumentation,soft,1,2,0.2645936,model-human,TED_002,argumentation,Qwen vs Sara,,,Sara,Qwen,22,15,,,,,,,
argumentation,standard,1,1,0.47783548,model-human,TED_002,argumentation,Gemma vs Luiza,,,Luiza,Gemma,24,18,,,,,,,
argumentation,soft,1,1,0.46253258,model-human,TED_002,argumentation,Gemma vs Luiza,,,Luiza,Gemma,24,18,,,,,,,
argumentation,standard,1,2,0.5108278,model-human,TED_002,argumentation,Gemma vs Luiza,,,Luiza,Gemma,24,18,,,,,,,
argumentation,soft,1,2,0.49664742,model-human,TED_002,argumentation,Gemma vs Luiza,,,Luiza,Gemma,24,18,,,,,,,
argumentation,standard,1,1,0.46271783,model-human,TED_002,argumentation,Gemma vs Sara,,,Sara,Gemma,22,18,,,,,,,
argumentation,soft,1,1,0.44455892,model-human,TED_002,argumentation,Gemma vs Sara,,,Sara,Gemma,22,18,,,,,,,
argumentation,standard,1,2,0.4556402,model-human,TED_002,argumentation,Gemma vs Sara,,,Sara,Gemma,22,18,,,,,,,
argumentation,soft,1,2,0.437088,model-human,TED_002,argumentation,Gemma vs Sara,,,Sara,Gemma,22,18,,,,,,,
argumentation,standard,1,1,0.20907468,model-human,TED_004,argumentation,Mistral vs Luiza,,,Luiza,Mistral,36,11,,,,,,,
argumentation,soft,1,1,0.29661584,model-human,TED_004,argumentation,Mistral vs Luiza,,,Luiza,Mistral,36,11,,,,,,,
argumentation,standard,1,2,0.23139334,model-human,TED_004,argumentation,Mistral vs Luiza,,,Luiza,Mistral,36,11,,,,,,,
argumentation,soft,1,2,0.30168754,model-human,TED_004,argumentation,Mistral vs Luiza,,,Luiza,Mistral,36,11,,,,,,,
argumentation,standard,1,1,0.24648124,model-human,TED_004,argumentation,Mistral vs Sara,,,Sara,Mistral,33,11,,,,,,,
argumentation,soft,1,1,0.3137815,model-human,TED_004,argumentation,Mistral vs Sara,,,Sara,Mistral,33,11,,,,,,,
argumentation,standard,1,2,0.27271175,model-human,TED_004,argumentation,Mistral vs Sara,,,Sara,Mistral,33,11,,,,,,,
argumentation,soft,1,2,0.3248117,model-human,TED_004,argumentation,Mistral vs Sara,,,Sara,Mistral,33,11,,,,,,,
argumentation,standard,1,1,0.13709903,model-human,TED_004,argumentation,Qwen vs Luiza,,,Luiza,Qwen,36,6,,,,,,,
argumentation,soft,1,1,0.15370816,model-human,TED_004,argumentation,Qwen vs Luiza,,,Luiza,Qwen,36,6,,,,,,,
argumentation,standard,1,2,0.11008066,model-human,TED_004,argumentation,Qwen vs Luiza,,,Luiza,Qwen,36,6,,,,,,,
argumentation,soft,1,2,0.12521672,model-human,TED_004,argumentation,Qwen vs Luiza,,,Luiza,Qwen,36,6,,,,,,,
argumentation,standard,1,1,0.19113302,model-human,TED_004,argumentation,Qwen vs Sara,,,Sara,Qwen,33,6,,,,,,,
argumentation,soft,1,1,0.18881983,model-human,TED_004,argumentation,Qwen vs Sara,,,Sara,Qwen,33,6,,,,,,,
argumentation,standard,1,2,0.14979708,model-human,TED_004,argumentation,Qwen vs Sara,,,Sara,Qwen,33,6,,,,,,,
argumentation,soft,1,2,0.14715809,model-human,TED_004,argumentation,Qwen vs Sara,,,Sara,Qwen,33,6,,,,,,,
argumentation,standard,1,1,0.13733113,model-human,TED_004,argumentation,Gemma vs Luiza,,,Luiza,Gemma,36,6,,,,,,,
argumentation,soft,1,1,0.15356481,model-human,TED_004,argumentation,Gemma vs Luiza,,,Luiza,Gemma,36,6,,,,,,,
argumentation,standard,1,2,0.11485064,model-human,TED_004,argumentation,Gemma vs Luiza,,,Luiza,Gemma,36,6,,,,,,,
argumentation,soft,1,2,0.12956464,model-human,TED_004,argumentation,Gemma vs Luiza,,,Luiza,Gemma,36,6,,,,,,,
argumentation,standard,1,1,0.18930954,model-human,TED_004,argumentation,Gemma vs Sara,,,Sara,Gemma,33,6,,,,,,,
argumentation,soft,1,1,0.18685132,model-human,TED_004,argumentation,Gemma vs Sara,,,Sara,Gemma,33,6,,,,,,,
argumentation,standard,1,2,0.14869672,model-human,TED_004,argumentation,Gemma vs Sara,,,Sara,Gemma,33,6,,,,,,,
argumentation,soft,1,2,0.14589703,model-human,TED_004,argumentation,Gemma vs Sara,,,Sara,Gemma,33,6,,,,,,,
argumentation,standard,1,1,0.23283154,model-human,TED_005,argumentation,Mistral vs Luiza,,,Luiza,Mistral,24,9,,,,,,,
argumentation,soft,1,1,0.30703908,model-human,TED_005,argumentation,Mistral vs Luiza,,,Luiza,Mistral,24,9,,,,,,,
argumentation,standard,1,2,0.18435419,model-human,TED_005,argumentation,Mistral vs Luiza,,,Luiza,Mistral,24,9,,,,,,,
argumentation,soft,1,2,0.25791842,model-human,TED_005,argumentation,Mistral vs Luiza,,,Luiza,Mistral,24,9,,,,,,,
argumentation,standard,1,1,0.20258045,model-human,TED_005,argumentation,Mistral vs Sara,,,Sara,Mistral,19,9,,,,,,,
argumentation,soft,1,1,0.25739527,model-human,TED_005,argumentation,Mistral vs Sara,,,Sara,Mistral,19,9,,,,,,,
argumentation,standard,1,2,0.11194742,model-human,TED_005,argumentation,Mistral vs Sara,,,Sara,Mistral,19,9,,,,,,,
argumentation,soft,1,2,0.164936,model-human,TED_005,argumentation,Mistral vs Sara,,,Sara,Mistral,19,9,,,,,,,
argumentation,standard,1,1,0.29933017,model-human,TED_005,argumentation,Qwen vs Luiza,,,Luiza,Qwen,24,6,,,,,,,
argumentation,soft,1,1,0.32356215,model-human,TED_005,argumentation,Qwen vs Luiza,,,Luiza,Qwen,24,6,,,,,,,
argumentation,standard,1,2,0.2803229,model-human,TED_005,argumentation,Qwen vs Luiza,,,Luiza,Qwen,24,6,,,,,,,
argumentation,soft,1,2,0.30394584,model-human,TED_005,argumentation,Qwen vs Luiza,,,Luiza,Qwen,24,6,,,,,,,
argumentation,standard,1,1,0.24747628,model-human,TED_005,argumentation,Qwen vs Sara,,,Sara,Qwen,19,6,,,,,,,
argumentation,soft,1,1,0.24536842,model-human,TED_005,argumentation,Qwen vs Sara,,,Sara,Qwen,19,6,,,,,,,
argumentation,standard,1,2,0.17695779,model-human,TED_005,argumentation,Qwen vs Sara,,,Sara,Qwen,19,6,,,,,,,
argumentation,soft,1,2,0.17469883,model-human,TED_005,argumentation,Qwen vs Sara,,,Sara,Qwen,19,6,,,,,,,
argumentation,standard,1,1,0.22721124,model-human,TED_005,argumentation,Gemma vs Luiza,,,Luiza,Gemma,24,10,,,,,,,
argumentation,soft,1,1,0.26781583,model-human,TED_005,argumentation,Gemma vs Luiza,,,Luiza,Gemma,24,10,,,,,,,
argumentation,standard,1,2,0.22161043,model-human,TED_005,argumentation,Gemma vs Luiza,,,Luiza,Gemma,24,10,,,,,,,
argumentation,soft,1,2,0.25975108,model-human,TED_005,argumentation,Gemma vs Luiza,,,Luiza,Gemma,24,10,,,,,,,
argumentation,standard,1,1,0.26080674,model-human,TED_005,argumentation,Gemma vs Sara,,,Sara,Gemma,19,10,,,,,,,
argumentation,soft,1,1,0.25854993,model-human,TED_005,argumentation,Gemma vs Sara,,,Sara,Gemma,19,10,,,,,,,
argumentation,standard,1,2,0.20154858,model-human,TED_005,argumentation,Gemma vs Sara,,,Sara,Gemma,19,10,,,,,,,
argumentation,soft,1,2,0.19916576,model-human,TED_005,argumentation,Gemma vs Sara,,,Sara,Gemma,19,10,,,,,,,
argumentation,standard,1,1,0.15335262,model-human,TED_006,argumentation,Mistral vs Luiza,,,Luiza,Mistral,25,25,,,,,,,
argumentation,soft,1,1,0.17288876,model-human,TED_006,argumentation,Mistral vs Luiza,,,Luiza,Mistral,25,25,,,,,,,
argumentation,standard,1,2,0.08677906,model-human,TED_006,argumentation,Mistral vs Luiza,,,Luiza,Mistral,25,25,,,,,,,
argumentation,soft,1,2,0.10342866,model-human,TED_006,argumentation,Mistral vs Luiza,,,Luiza,Mistral,25,25,,,,,,,
argumentation,standard,1,1,0.2034598,model-human,TED_006,argumentation,Mistral vs Sara,,,Sara,Mistral,24,25,,,,,,,
argumentation,soft,1,1,0.22544205,model-human,TED_006,argumentation,Mistral vs Sara,,,Sara,Mistral,24,25,,,,,,,
argumentation,standard,1,2,0.1367842,model-human,TED_006,argumentation,Mistral vs Sara,,,Sara,Mistral,24,25,,,,,,,
argumentation,soft,1,2,0.15486145,model-human,TED_006,argumentation,Mistral vs Sara,,,Sara,Mistral,24,25,,,,,,,
argumentation,standard,1,1,0.22864491,model-human,TED_006,argumentation,Qwen vs Luiza,,,Luiza,Qwen,25,5,,,,,,,
argumentation,soft,1,1,0.2277484,model-human,TED_006,argumentation,Qwen vs Luiza,,,Luiza,Qwen,25,5,,,,,,,
argumentation,standard,1,2,0.20562077,model-human,TED_006,argumentation,Qwen vs Luiza,,,Luiza,Qwen,25,5,,,,,,,
argumentation,soft,1,2,0.20463508,model-human,TED_006,argumentation,Qwen vs Luiza,,,Luiza,Qwen,25,5,,,,,,,
argumentation,standard,1,1,0.27362686,model-human,TED_006,argumentation,Qwen vs Sara,,,Sara,Qwen,24,5,,,,,,,
argumentation,soft,1,1,0.27080137,model-human,TED_006,argumentation,Qwen vs Sara,,,Sara,Qwen,24,5,,,,,,,
argumentation,standard,1,2,0.28349125,model-human,TED_006,argumentation,Qwen vs Sara,,,Sara,Qwen,24,5,,,,,,,
argumentation,soft,1,2,0.28074205,model-human,TED_006,argumentation,Qwen vs Sara,,,Sara,Qwen,24,5,,,,,,,
argumentation,standard,1,1,0.29280585,model-human,TED_006,argumentation,Gemma vs Luiza,,,Luiza,Gemma,25,8,,,,,,,
argumentation,soft,1,1,0.29131645,model-human,TED_006,argumentation,Gemma vs Luiza,,,Luiza,Gemma,25,8,,,,,,,
argumentation,standard,1,2,0.25478846,model-human,TED_006,argumentation,Gemma vs Luiza,,,Luiza,Gemma,25,8,,,,,,,
argumentation,soft,1,2,0.2532786,model-human,TED_006,argumentation,Gemma vs Luiza,,,Luiza,Gemma,25,8,,,,,,,
argumentation,standard,1,1,0.3931377,model-human,TED_006,argumentation,Gemma vs Sara,,,Sara,Gemma,24,8,,,,,,,
argumentation,soft,1,1,0.3892417,model-human,TED_006,argumentation,Gemma vs Sara,,,Sara,Gemma,24,8,,,,,,,
argumentation,standard,1,2,0.3813731,model-human,TED_006,argumentation,Gemma vs Sara,,,Sara,Gemma,24,8,,,,,,,
argumentation,soft,1,2,0.37674695,model-human,TED_006,argumentation,Gemma vs Sara,,,Sara,Gemma,24,8,,,,,,,
argumentation,standard,1,1,0.24990267,model-human,TED_007,argumentation,Mistral vs Luiza,,,Luiza,Mistral,39,15,,,,,,,
argumentation,soft,1,1,0.2578553,model-human,TED_007,argumentation,Mistral vs Luiza,,,Luiza,Mistral,39,15,,,,,,,
argumentation,standard,1,2,0.19960761,model-human,TED_007,argumentation,Mistral vs Luiza,,,Luiza,Mistral,39,15,,,,,,,
argumentation,soft,1,2,0.20614296,model-human,TED_007,argumentation,Mistral vs Luiza,,,Luiza,Mistral,39,15,,,,,,,
argumentation,standard,1,1,0.25903815,model-human,TED_007,argumentation,Mistral vs Sara,,,Sara,Mistral,38,15,,,,,,,
argumentation,soft,1,1,0.30298018,model-human,TED_007,argumentation,Mistral vs Sara,,,Sara,Mistral,38,15,,,,,,,
argumentation,standard,1,2,0.23244512,model-human,TED_007,argumentation,Mistral vs Sara,,,Sara,Mistral,38,15,,,,,,,
argumentation,soft,1,2,0.27260703,model-human,TED_007,argumentation,Mistral vs Sara,,,Sara,Mistral,38,15,,,,,,,
argumentation,standard,1,1,0.30608386,model-human,TED_007,argumentation,Qwen vs Luiza,,,Luiza,Qwen,39,16,,,,,,,
argumentation,soft,1,1,0.34133375,model-human,TED_007,argumentation,Qwen vs Luiza,,,Luiza,Qwen,39,16,,,,,,,
argumentation,standard,1,2,0.27924246,model-human,TED_007,argumentation,Qwen vs Luiza,,,Luiza,Qwen,39,16,,,,,,,
argumentation,soft,1,2,0.31075162,model-human,TED_007,argumentation,Qwen vs Luiza,,,Luiza,Qwen,39,16,,,,,,,
argumentation,standard,1,1,0.26337433,model-human,TED_007,argumentation,Qwen vs Sara,,,Sara,Qwen,38,16,,,,,,,
argumentation,soft,1,1,0.30850095,model-human,TED_007,argumentation,Qwen vs Sara,,,Sara,Qwen,38,16,,,,,,,
argumentation,standard,1,2,0.21044964,model-human,TED_007,argumentation,Qwen vs Sara,,,Sara,Qwen,38,16,,,,,,,
argumentation,soft,1,2,0.25104117,model-human,TED_007,argumentation,Qwen vs Sara,,,Sara,Qwen,38,16,,,,,,,
argumentation,standard,1,1,0.33974665,model-human,TED_007,argumentation,Gemma vs Luiza,,,Luiza,Gemma,39,20,,,,,,,
argumentation,soft,1,1,0.36667854,model-human,TED_007,argumentation,Gemma vs Luiza,,,Luiza,Gemma,39,20,,,,,,,
argumentation,standard,1,2,0.25156772,model-human,TED_007,argumentation,Gemma vs Luiza,,,Luiza,Gemma,39,20,,,,,,,
argumentation,soft,1,2,0.2734658,model-human,TED_007,argumentation,Gemma vs Luiza,,,Luiza,Gemma,39,20,,,,,,,
argumentation,standard,1,1,0.42739874,model-human,TED_007,argumentation,Gemma vs Sara,,,Sara,Gemma,38,20,,,,,,,
argumentation,soft,1,1,0.4583575,model-human,TED_007,argumentation,Gemma vs Sara,,,Sara,Gemma,38,20,,,,,,,
argumentation,standard,1,2,0.37648702,model-human,TED_007,argumentation,Gemma vs Sara,,,Sara,Gemma,38,20,,,,,,,
argumentation,soft,1,2,0.4036008,model-human,TED_007,argumentation,Gemma vs Sara,,,Sara,Gemma,38,20,,,,,,,
argumentation,standard,1,1,0.037381113,model-human,TED_008,argumentation,Mistral vs Luiza,,,Luiza,Mistral,30,19,,,,,,,
argumentation,soft,1,1,0.04429108,model-human,TED_008,argumentation,Mistral vs Luiza,,,Luiza,Mistral,30,19,,,,,,,
argumentation,standard,1,2,-0.013932586,model-human,TED_008,argumentation,Mistral vs Luiza,,,Luiza,Mistral,30,19,,,,,,,
argumentation,soft,1,2,-0.009036183,model-human,TED_008,argumentation,Mistral vs Luiza,,,Luiza,Mistral,30,19,,,,,,,
argumentation,standard,1,1,0.049829304,model-human,TED_008,argumentation,Mistral vs Sara,,,Sara,Mistral,28,19,,,,,,,
argumentation,soft,1,1,0.053191543,model-human,TED_008,argumentation,Mistral vs Sara,,,Sara,Mistral,28,19,,,,,,,
argumentation,standard,1,2,0.006299794,model-human,TED_008,argumentation,Mistral vs Sara,,,Sara,Mistral,28,19,,,,,,,
argumentation,soft,1,2,0.007434666,model-human,TED_008,argumentation,Mistral vs Sara,,,Sara,Mistral,28,19,,,,,,,
argumentation,standard,1,1,0.34602505,model-human,TED_008,argumentation,Qwen vs Luiza,,,Luiza,Qwen,30,12,,,,,,,
argumentation,soft,1,1,0.3984713,model-human,TED_008,argumentation,Qwen vs Luiza,,,Luiza,Qwen,30,12,,,,,,,
argumentation,standard,1,2,0.36617684,model-human,TED_008,argumentation,Qwen vs Luiza,,,Luiza,Qwen,30,12,,,,,,,
argumentation,soft,1,2,0.4171371,model-human,TED_008,argumentation,Qwen vs Luiza,,,Luiza,Qwen,30,12,,,,,,,
argumentation,standard,1,1,0.363186,model-human,TED_008,argumentation,Qwen vs Sara,,,Sara,Qwen,28,12,,,,,,,
argumentation,soft,1,1,0.41758287,model-human,TED_008,argumentation,Qwen vs Sara,,,Sara,Qwen,28,12,,,,,,,
argumentation,standard,1,2,0.38188243,model-human,TED_008,argumentation,Qwen vs Sara,,,Sara,Qwen,28,12,,,,,,,
argumentation,soft,1,2,0.43478185,model-human,TED_008,argumentation,Qwen vs Sara,,,Sara,Qwen,28,12,,,,,,,
argumentation,standard,1,1,0.47624564,model-human,TED_008,argumentation,Gemma vs Luiza,,,Luiza,Gemma,30,17,,,,,,,
argumentation,soft,1,1,0.50875986,model-human,TED_008,argumentation,Gemma vs Luiza,,,Luiza,Gemma,30,17,,,,,,,
argumentation,standard,1,2,0.4900807,model-human,TED_008,argumentation,Gemma vs Luiza,,,Luiza,Gemma,30,17,,,,,,,
argumentation,soft,1,2,0.52151465,model-human,TED_008,argumentation,Gemma vs Luiza,,,Luiza,Gemma,30,17,,,,,,,
argumentation,standard,1,1,0.5086738,model-human,TED_008,argumentation,Gemma vs Sara,,,Sara,Gemma,28,17,,,,,,,
argumentation,soft,1,1,0.5416931,model-human,TED_008,argumentation,Gemma vs Sara,,,Sara,Gemma,28,17,,,,,,,
argumentation,standard,1,2,0.5189607,model-human,TED_008,argumentation,Gemma vs Sara,,,Sara,Gemma,28,17,,,,,,,
argumentation,soft,1,2,0.5513438,model-human,TED_008,argumentation,Gemma vs Sara,,,Sara,Gemma,28,17,,,,,,,
argumentation,standard,1,1,0.1258806,model-human,TED_010,argumentation,Mistral vs Luiza,,,Luiza,Mistral,18,8,,,,,,,
argumentation,soft,1,1,0.12524182,model-human,TED_010,argumentation,Mistral vs Luiza,,,Luiza,Mistral,18,8,,,,,,,
argumentation,standard,1,2,0.061392903,model-human,TED_010,argumentation,Mistral vs Luiza,,,Luiza,Mistral,18,8,,,,,,,
argumentation,soft,1,2,0.060720444,model-human,TED_010,argumentation,Mistral vs Luiza,,,Luiza,Mistral,18,8,,,,,,,
argumentation,standard,1,1,0.06358302,model-human,TED_010,argumentation,Mistral vs Sara,,,Sara,Mistral,15,8,,,,,,,
argumentation,soft,1,1,0.06358302,model-human,TED_010,argumentation,Mistral vs Sara,,,Sara,Mistral,15,8,,,,,,,
argumentation,standard,1,2,-0.055879235,model-human,TED_010,argumentation,Mistral vs Sara,,,Sara,Mistral,15,8,,,,,,,
argumentation,soft,1,2,-0.056179285,model-human,TED_010,argumentation,Mistral vs Sara,,,Sara,Mistral,15,8,,,,,,,
argumentation,standard,1,1,0.21505731,model-human,TED_010,argumentation,Qwen vs Luiza,,,Luiza,Qwen,18,5,,,,,,,
argumentation,soft,1,1,0.21433944,model-human,TED_010,argumentation,Qwen vs Luiza,,,Luiza,Qwen,18,5,,,,,,,
argumentation,standard,1,2,0.14477515,model-human,TED_010,argumentation,Qwen vs Luiza,,,Luiza,Qwen,18,5,,,,,,,
argumentation,soft,1,2,0.14400661,model-human,TED_010,argumentation,Qwen vs Luiza,,,Luiza,Qwen,18,5,,,,,,,
argumentation,standard,1,1,0.09126061,model-human,TED_010,argumentation,Qwen vs Sara,,,Sara,Qwen,15,5,,,,,,,
argumentation,soft,1,1,0.090391815,model-human,TED_010,argumentation,Qwen vs Sara,,,Sara,Qwen,15,5,,,,,,,
argumentation,standard,1,2,0.05282682,model-human,TED_010,argumentation,Qwen vs Sara,,,Sara,Qwen,15,5,,,,,,,
argumentation,soft,1,2,0.051935375,model-human,TED_010,argumentation,Qwen vs Sara,,,Sara,Qwen,15,5,,,,,,,
argumentation,standard,1,1,0.13926524,model-human,TED_010,argumentation,Gemma vs Luiza,,,Luiza,Gemma,18,8,,,,,,,
argumentation,soft,1,1,0.13926524,model-human,TED_010,argumentation,Gemma vs Luiza,,,Luiza,Gemma,18,8,,,,,,,
argumentation,standard,1,2,0.07000065,model-human,TED_010,argumentation,Gemma vs Luiza,,,Luiza,Gemma,18,8,,,,,,,
argumentation,soft,1,2,0.07000065,model-human,TED_010,argumentation,Gemma vs Luiza,,,Luiza,Gemma,18,8,,,,,,,
argumentation,standard,1,1,0.11730069,model-human,TED_010,argumentation,Gemma vs Sara,,,Sara,Gemma,15,8,,,,,,,
argumentation,soft,1,1,0.11635172,model-human,TED_010,argumentation,Gemma vs Sara,,,Sara,Gemma,15,8,,,,,,,
argumentation,standard,1,2,0.03977251,model-human,TED_010,argumentation,Gemma vs Sara,,,Sara,Gemma,15,8,,,,,,,
argumentation,soft,1,2,0.037647486,model-human,TED_010,argumentation,Gemma vs Sara,,,Sara,Gemma,15,8,,,,,,,
argumentation,standard,1,1,0.2626449,model-human,TED_011,argumentation,Mistral vs Luiza,,,Luiza,Mistral,21,39,,,,,,,
argumentation,soft,1,1,0.24965906,model-human,TED_011,argumentation,Mistral vs Luiza,,,Luiza,Mistral,21,39,,,,,,,
argumentation,standard,1,2,0.15961331,model-human,TED_011,argumentation,Mistral vs Luiza,,,Luiza,Mistral,21,39,,,,,,,
argumentation,soft,1,2,0.14444852,model-human,TED_011,argumentation,Mistral vs Luiza,,,Luiza,Mistral,21,39,,,,,,,
argumentation,standard,1,1,0.22395253,model-human,TED_011,argumentation,Mistral vs Sara,,,Sara,Mistral,20,39,,,,,,,
argumentation,soft,1,1,0.21310979,model-human,TED_011,argumentation,Mistral vs Sara,,,Sara,Mistral,20,39,,,,,,,
argumentation,standard,1,2,0.11608565,model-human,TED_011,argumentation,Mistral vs Sara,,,Sara,Mistral,20,39,,,,,,,
argumentation,soft,1,2,0.10326469,model-human,TED_011,argumentation,Mistral vs Sara,,,Sara,Mistral,20,39,,,,,,,
argumentation,standard,1,1,0.3221575,model-human,TED_011,argumentation,Qwen vs Luiza,,,Luiza,Qwen,21,8,,,,,,,
argumentation,soft,1,1,0.3208465,model-human,TED_011,argumentation,Qwen vs Luiza,,,Luiza,Qwen,21,8,,,,,,,
argumentation,standard,1,2,0.2636829,model-human,TED_011,argumentation,Qwen vs Luiza,,,Luiza,Qwen,21,8,,,,,,,
argumentation,soft,1,2,0.26228637,model-human,TED_011,argumentation,Qwen vs Luiza,,,Luiza,Qwen,21,8,,,,,,,
argumentation,standard,1,1,0.33098882,model-human,TED_011,argumentation,Qwen vs Sara,,,Sara,Qwen,20,8,,,,,,,
argumentation,soft,1,1,0.32921207,model-human,TED_011,argumentation,Qwen vs Sara,,,Sara,Qwen,20,8,,,,,,,
argumentation,standard,1,2,0.26636046,model-human,TED_011,argumentation,Qwen vs Sara,,,Sara,Qwen,20,8,,,,,,,
argumentation,soft,1,2,0.26444227,model-human,TED_011,argumentation,Qwen vs Sara,,,Sara,Qwen,20,8,,,,,,,
argumentation,standard,1,1,0.4224407,model-human,TED_011,argumentation,Gemma vs Luiza,,,Luiza,Gemma,21,14,,,,,,,
argumentation,soft,1,1,0.4213255,model-human,TED_011,argumentation,Gemma vs Luiza,,,Luiza,Gemma,21,14,,,,,,,
argumentation,standard,1,2,0.37978953,model-human,TED_011,argumentation,Gemma vs Luiza,,,Luiza,Gemma,21,14,,,,,,,
argumentation,soft,1,2,0.37859118,model-human,TED_011,argumentation,Gemma vs Luiza,,,Luiza,Gemma,21,14,,,,,,,
argumentation,standard,1,1,0.4599651,model-human,TED_011,argumentation,Gemma vs Sara,,,Sara,Gemma,20,14,,,,,,,
argumentation,soft,1,1,0.4594276,model-human,TED_011,argumentation,Gemma vs Sara,,,Sara,Gemma,20,14,,,,,,,
argumentation,standard,1,2,0.4089542,model-human,TED_011,argumentation,Gemma vs Sara,,,Sara,Gemma,20,14,,,,,,,
argumentation,soft,1,2,0.40837693,model-human,TED_011,argumentation,Gemma vs Sara,,,Sara,Gemma,20,14,,,,,,,
argumentation,standard,1,1,0.12656277,model-human,TED_012,argumentation,Mistral vs Luiza,,,Luiza,Mistral,35,17,,,,,,,
argumentation,soft,1,1,0.15796721,model-human,TED_012,argumentation,Mistral vs Luiza,,,Luiza,Mistral,35,17,,,,,,,
argumentation,standard,1,2,0.10439199,model-human,TED_012,argumentation,Mistral vs Luiza,,,Luiza,Mistral,35,17,,,,,,,
argumentation,soft,1,2,0.12722051,model-human,TED_012,argumentation,Mistral vs Luiza,,,Luiza,Mistral,35,17,,,,,,,
argumentation,standard,1,1,0.1431911,model-human,TED_012,argumentation,Mistral vs Sara,,,Sara,Mistral,34,17,,,,,,,
argumentation,soft,1,1,0.17307639,model-human,TED_012,argumentation,Mistral vs Sara,,,Sara,Mistral,34,17,,,,,,,
argumentation,standard,1,2,0.11993623,model-human,TED_012,argumentation,Mistral vs Sara,,,Sara,Mistral,34,17,,,,,,,
argumentation,soft,1,2,0.13329607,model-human,TED_012,argumentation,Mistral vs Sara,,,Sara,Mistral,34,17,,,,,,,
argumentation,standard,1,1,0.09314281,model-human,TED_012,argumentation,Qwen vs Luiza,,,Luiza,Qwen,35,6,,,,,,,
argumentation,soft,1,1,0.11162132,model-human,TED_012,argumentation,Qwen vs Luiza,,,Luiza,Qwen,35,6,,,,,,,
argumentation,standard,1,2,0.00666368,model-human,TED_012,argumentation,Qwen vs Luiza,,,Luiza,Qwen,35,6,,,,,,,
argumentation,soft,1,2,0.024471939,model-human,TED_012,argumentation,Qwen vs Luiza,,,Luiza,Qwen,35,6,,,,,,,
argumentation,standard,1,1,0.09767699,model-human,TED_012,argumentation,Qwen vs Sara,,,Sara,Qwen,34,6,,,,,,,
argumentation,soft,1,1,0.09641588,model-human,TED_012,argumentation,Qwen vs Sara,,,Sara,Qwen,34,6,,,,,,,
argumentation,standard,1,2,0.011156976,model-human,TED_012,argumentation,Qwen vs Sara,,,Sara,Qwen,34,6,,,,,,,
argumentation,soft,1,2,0.009801865,model-human,TED_012,argumentation,Qwen vs Sara,,,Sara,Qwen,34,6,,,,,,,
argumentation,standard,1,1,0.2239868,model-human,TED_012,argumentation,Gemma vs Luiza,,,Luiza,Gemma,35,9,,,,,,,
argumentation,soft,1,1,0.24122363,model-human,TED_012,argumentation,Gemma vs Luiza,,,Luiza,Gemma,35,9,,,,,,,
argumentation,standard,1,2,0.21751201,model-human,TED_012,argumentation,Gemma vs Luiza,,,Luiza,Gemma,35,9,,,,,,,
argumentation,soft,1,2,0.23433214,model-human,TED_012,argumentation,Gemma vs Luiza,,,Luiza,Gemma,35,9,,,,,,,
argumentation,standard,1,1,0.23441678,model-human,TED_012,argumentation,Gemma vs Sara,,,Sara,Gemma,34,9,,,,,,,
argumentation,soft,1,1,0.23143238,model-human,TED_012,argumentation,Gemma vs Sara,,,Sara,Gemma,34,9,,,,,,,
argumentation,standard,1,2,0.22419208,model-human,TED_012,argumentation,Gemma vs Sara,,,Sara,Gemma,34,9,,,,,,,
argumentation,soft,1,2,0.22110158,model-human,TED_012,argumentation,Gemma vs Sara,,,Sara,Gemma,34,9,,,,,,,
argumentation,standard,1,1,0.3952682,model-human,TED_015,argumentation,Mistral vs Luiza,,,Luiza,Mistral,60,61,,,,,,,
argumentation,soft,1,1,0.3728112,model-human,TED_015,argumentation,Mistral vs Luiza,,,Luiza,Mistral,60,61,,,,,,,
argumentation,standard,1,2,0.38859415,model-human,TED_015,argumentation,Mistral vs Luiza,,,Luiza,Mistral,60,61,,,,,,,
argumentation,soft,1,2,0.36470962,model-human,TED_015,argumentation,Mistral vs Luiza,,,Luiza,Mistral,60,61,,,,,,,
argumentation,standard,1,1,0.3314032,model-human,TED_015,argumentation,Mistral vs Sara,,,Sara,Mistral,44,61,,,,,,,
argumentation,soft,1,1,0.3260274,model-human,TED_015,argumentation,Mistral vs Sara,,,Sara,Mistral,44,61,,,,,,,
argumentation,standard,1,2,0.329818,model-human,TED_015,argumentation,Mistral vs Sara,,,Sara,Mistral,44,61,,,,,,,
argumentation,soft,1,2,0.32300228,model-human,TED_015,argumentation,Mistral vs Sara,,,Sara,Mistral,44,61,,,,,,,
argumentation,standard,1,1,0.101418436,model-human,TED_015,argumentation,Qwen vs Luiza,,,Luiza,Qwen,60,12,,,,,,,
argumentation,soft,1,1,0.09425998,model-human,TED_015,argumentation,Qwen vs Luiza,,,Luiza,Qwen,60,12,,,,,,,
argumentation,standard,1,2,0.11340934,model-human,TED_015,argumentation,Qwen vs Luiza,,,Luiza,Qwen,60,12,,,,,,,
argumentation,soft,1,2,0.10607165,model-human,TED_015,argumentation,Qwen vs Luiza,,,Luiza,Qwen,60,12,,,,,,,
argumentation,standard,1,1,0.1014815,model-human,TED_015,argumentation,Qwen vs Sara,,,Sara,Qwen,44,12,,,,,,,
argumentation,soft,1,1,0.099613786,model-human,TED_015,argumentation,Qwen vs Sara,,,Sara,Qwen,44,12,,,,,,,
argumentation,standard,1,2,0.10122311,model-human,TED_015,argumentation,Qwen vs Sara,,,Sara,Qwen,44,12,,,,,,,
argumentation,soft,1,2,0.0993973,model-human,TED_015,argumentation,Qwen vs Sara,,,Sara,Qwen,44,12,,,,,,,
argumentation,standard,1,1,0.305979,model-human,TED_015,argumentation,Gemma vs Luiza,,,Luiza,Gemma,60,21,,,,,,,
argumentation,soft,1,1,0.31052405,model-human,TED_015,argumentation,Gemma vs Luiza,,,Luiza,Gemma,60,21,,,,,,,
argumentation,standard,1,2,0.32402223,model-human,TED_015,argumentation,Gemma vs Luiza,,,Luiza,Gemma,60,21,,,,,,,
argumentation,soft,1,2,0.32769787,model-human,TED_015,argumentation,Gemma vs Luiza,,,Luiza,Gemma,60,21,,,,,,,
argumentation,standard,1,1,0.2362212,model-human,TED_015,argumentation,Gemma vs Sara,,,Sara,Gemma,44,21,,,,,,,
argumentation,soft,1,1,0.24259418,model-human,TED_015,argumentation,Gemma vs Sara,,,Sara,Gemma,44,21,,,,,,,
argumentation,standard,1,2,0.22369665,model-human,TED_015,argumentation,Gemma vs Sara,,,Sara,Gemma,44,21,,,,,,,
argumentation,soft,1,2,0.22921038,model-human,TED_015,argumentation,Gemma vs Sara,,,Sara,Gemma,44,21,,,,,,,
argumentation,standard,1,1,0.2114932,model-human,TED_016,argumentation,Mistral vs Luiza,,,Luiza,Mistral,59,43,,,,,,,
argumentation,soft,1,1,0.210774,model-human,TED_016,argumentation,Mistral vs Luiza,,,Luiza,Mistral,59,43,,,,,,,
argumentation,standard,1,2,0.15385157,model-human,TED_016,argumentation,Mistral vs Luiza,,,Luiza,Mistral,59,43,,,,,,,
argumentation,soft,1,2,0.13931853,model-human,TED_016,argumentation,Mistral vs Luiza,,,Luiza,Mistral,59,43,,,,,,,
argumentation,standard,1,1,0.20266068,model-human,TED_016,argumentation,Mistral vs Sara,,,Sara,Mistral,44,43,,,,,,,
argumentation,soft,1,1,0.21212143,model-human,TED_016,argumentation,Mistral vs Sara,,,Sara,Mistral,44,43,,,,,,,
argumentation,standard,1,2,0.110040784,model-human,TED_016,argumentation,Mistral vs Sara,,,Sara,Mistral,44,43,,,,,,,
argumentation,soft,1,2,0.098128855,model-human,TED_016,argumentation,Mistral vs Sara,,,Sara,Mistral,44,43,,,,,,,
argumentation,standard,1,1,0.14910382,model-human,TED_016,argumentation,Qwen vs Luiza,,,Luiza,Qwen,59,10,,,,,,,
argumentation,soft,1,1,0.15658152,model-human,TED_016,argumentation,Qwen vs Luiza,,,Luiza,Qwen,59,10,,,,,,,
argumentation,standard,1,2,0.1196298,model-human,TED_016,argumentation,Qwen vs Luiza,,,Luiza,Qwen,59,10,,,,,,,
argumentation,soft,1,2,0.12636137,model-human,TED_016,argumentation,Qwen vs Luiza,,,Luiza,Qwen,59,10,,,,,,,
argumentation,standard,1,1,0.23578382,model-human,TED_016,argumentation,Qwen vs Sara,,,Sara,Qwen,44,10,,,,,,,
argumentation,soft,1,1,0.23240298,model-human,TED_016,argumentation,Qwen vs Sara,,,Sara,Qwen,44,10,,,,,,,
argumentation,standard,1,2,0.19910854,model-human,TED_016,argumentation,Qwen vs Sara,,,Sara,Qwen,44,10,,,,,,,
argumentation,soft,1,2,0.19538635,model-human,TED_016,argumentation,Qwen vs Sara,,,Sara,Qwen,44,10,,,,,,,
argumentation,standard,1,1,0.28171688,model-human,TED_016,argumentation,Gemma vs Luiza,,,Luiza,Gemma,59,32,,,,,,,
argumentation,soft,1,1,0.27404928,model-human,TED_016,argumentation,Gemma vs Luiza,,,Luiza,Gemma,59,32,,,,,,,
argumentation,standard,1,2,0.26530218,model-human,TED_016,argumentation,Gemma vs Luiza,,,Luiza,Gemma,59,32,,,,,,,
argumentation,soft,1,2,0.25657547,model-human,TED_016,argumentation,Gemma vs Luiza,,,Luiza,Gemma,59,32,,,,,,,
argumentation,standard,1,1,0.24423057,model-human,TED_016,argumentation,Gemma vs Sara,,,Sara,Gemma,44,32,,,,,,,
argumentation,soft,1,1,0.23897362,model-human,TED_016,argumentation,Gemma vs Sara,,,Sara,Gemma,44,32,,,,,,,
argumentation,standard,1,2,0.2025137,model-human,TED_016,argumentation,Gemma vs Sara,,,Sara,Gemma,44,32,,,,,,,
argumentation,soft,1,2,0.1955086,model-human,TED_016,argumentation,Gemma vs Sara,,,Sara,Gemma,44,32,,,,,,,
argumentation,standard,1,1,0.14183325,model-human,TED_017,argumentation,Mistral vs Luiza,,,Luiza,Mistral,53,10,,,,,,,
argumentation,soft,1,1,0.15139693,model-human,TED_017,argumentation,Mistral vs Luiza,,,Luiza,Mistral,53,10,,,,,,,
argumentation,standard,1,2,0.10572255,model-human,TED_017,argumentation,Mistral vs Luiza,,,Luiza,Mistral,53,10,,,,,,,
argumentation,soft,1,2,0.11502284,model-human,TED_017,argumentation,Mistral vs Luiza,,,Luiza,Mistral,53,10,,,,,,,
argumentation,standard,1,1,0.15643859,model-human,TED_017,argumentation,Mistral vs Sara,,,Sara,Mistral,51,10,,,,,,,
argumentation,soft,1,1,0.16728467,model-human,TED_017,argumentation,Mistral vs Sara,,,Sara,Mistral,51,10,,,,,,,
argumentation,standard,1,2,0.10640955,model-human,TED_017,argumentation,Mistral vs Sara,,,Sara,Mistral,51,10,,,,,,,
argumentation,soft,1,2,0.11682767,model-human,TED_017,argumentation,Mistral vs Sara,,,Sara,Mistral,51,10,,,,,,,
argumentation,standard,1,1,0.20039344,model-human,TED_017,argumentation,Qwen vs Luiza,,,Luiza,Qwen,53,10,,,,,,,
argumentation,soft,1,1,0.24465048,model-human,TED_017,argumentation,Qwen vs Luiza,,,Luiza,Qwen,53,10,,,,,,,
argumentation,standard,1,2,0.21107638,model-human,TED_017,argumentation,Qwen vs Luiza,,,Luiza,Qwen,53,10,,,,,,,
argumentation,soft,1,2,0.25437206,model-human,TED_017,argumentation,Qwen vs Luiza,,,Luiza,Qwen,53,10,,,,,,,
argumentation,standard,1,1,0.20862567,model-human,TED_017,argumentation,Qwen vs Sara,,,Sara,Qwen,51,10,,,,,,,
argumentation,soft,1,1,0.2637965,model-human,TED_017,argumentation,Qwen vs Sara,,,Sara,Qwen,51,10,,,,,,,
argumentation,standard,1,2,0.22102064,model-human,TED_017,argumentation,Qwen vs Sara,,,Sara,Qwen,51,10,,,,,,,
argumentation,soft,1,2,0.27521473,model-human,TED_017,argumentation,Qwen vs Sara,,,Sara,Qwen,51,10,,,,,,,
argumentation,standard,1,1,0.012634456,model-human,TED_017,argumentation,Gemma vs Luiza,,,Luiza,Gemma,53,6,,,,,,,
argumentation,soft,1,1,0.010206342,model-human,TED_017,argumentation,Gemma vs Luiza,,,Luiza,Gemma,53,6,,,,,,,
argumentation,standard,1,2,0.006133854,model-human,TED_017,argumentation,Gemma vs Luiza,,,Luiza,Gemma,53,6,,,,,,,
argumentation,soft,1,2,0.003662109,model-human,TED_017,argumentation,Gemma vs Luiza,,,Luiza,Gemma,53,6,,,,,,,
argumentation,standard,1,1,0.046259522,model-human,TED_017,argumentation,Gemma vs Sara,,,Sara,Gemma,51,6,,,,,,,
argumentation,soft,1,1,0.04271108,model-human,TED_017,argumentation,Gemma vs Sara,,,Sara,Gemma,51,6,,,,,,,
argumentation,standard,1,2,0.01791948,model-human,TED_017,argumentation,Gemma vs Sara,,,Sara,Gemma,51,6,,,,,,,
argumentation,soft,1,2,0.014095008,model-human,TED_017,argumentation,Gemma vs Sara,,,Sara,Gemma,51,6,,,,,,,
argumentation,standard,1,1,0.3129865,model-human,TED_018,argumentation,Mistral vs Luiza,,,Luiza,Mistral,57,30,,,,,,,
argumentation,soft,1,1,0.30961943,model-human,TED_018,argumentation,Mistral vs Luiza,,,Luiza,Mistral,57,30,,,,,,,
argumentation,standard,1,2,0.26354182,model-human,TED_018,argumentation,Mistral vs Luiza,,,Luiza,Mistral,57,30,,,,,,,
argumentation,soft,1,2,0.25979644,model-human,TED_018,argumentation,Mistral vs Luiza,,,Luiza,Mistral,57,30,,,,,,,
argumentation,standard,1,1,0.30138463,model-human,TED_018,argumentation,Mistral vs Sara,,,Sara,Mistral,58,30,,,,,,,
argumentation,soft,1,1,0.29851586,model-human,TED_018,argumentation,Mistral vs Sara,,,Sara,Mistral,58,30,,,,,,,
argumentation,standard,1,2,0.25234824,model-human,TED_018,argumentation,Mistral vs Sara,,,Sara,Mistral,58,30,,,,,,,
argumentation,soft,1,2,0.24889237,model-human,TED_018,argumentation,Mistral vs Sara,,,Sara,Mistral,58,30,,,,,,,
argumentation,standard,1,1,0.1142748,model-human,TED_018,argumentation,Qwen vs Luiza,,,Luiza,Qwen,57,10,,,,,,,
argumentation,soft,1,1,0.11060876,model-human,TED_018,argumentation,Qwen vs Luiza,,,Luiza,Qwen,57,10,,,,,,,
argumentation,standard,1,2,0.09626567,model-human,TED_018,argumentation,Qwen vs Luiza,,,Luiza,Qwen,57,10,,,,,,,
argumentation,soft,1,2,0.09236908,model-human,TED_018,argumentation,Qwen vs Luiza,,,Luiza,Qwen,57,10,,,,,,,
argumentation,standard,1,1,0.119742215,model-human,TED_018,argumentation,Qwen vs Sara,,,Sara,Qwen,58,10,,,,,,,
argumentation,soft,1,1,0.13126117,model-human,TED_018,argumentation,Qwen vs Sara,,,Sara,Qwen,58,10,,,,,,,
argumentation,standard,1,2,0.10141665,model-human,TED_018,argumentation,Qwen vs Sara,,,Sara,Qwen,58,10,,,,,,,
argumentation,soft,1,2,0.11266422,model-human,TED_018,argumentation,Qwen vs Sara,,,Sara,Qwen,58,10,,,,,,,
argumentation,standard,1,1,0.2785831,model-human,TED_018,argumentation,Gemma vs Luiza,,,Luiza,Gemma,57,18,,,,,,,
argumentation,soft,1,1,0.288688,model-human,TED_018,argumentation,Gemma vs Luiza,,,Luiza,Gemma,57,18,,,,,,,
argumentation,standard,1,2,0.25035912,model-human,TED_018,argumentation,Gemma vs Luiza,,,Luiza,Gemma,57,18,,,,,,,
argumentation,soft,1,2,0.2596894,model-human,TED_018,argumentation,Gemma vs Luiza,,,Luiza,Gemma,57,18,,,,,,,
argumentation,standard,1,1,0.2478683,model-human,TED_018,argumentation,Gemma vs Sara,,,Sara,Gemma,58,18,,,,,,,
argumentation,soft,1,1,0.2696638,model-human,TED_018,argumentation,Gemma vs Sara,,,Sara,Gemma,58,18,,,,,,,
argumentation,standard,1,2,0.2239387,model-human,TED_018,argumentation,Gemma vs Sara,,,Sara,Gemma,58,18,,,,,,,
argumentation,soft,1,2,0.24417543,model-human,TED_018,argumentation,Gemma vs Sara,,,Sara,Gemma,58,18,,,,,,,
argumentation,standard,1,1,0.16377234,model-human,TED_019,argumentation,Mistral vs Luiza,,,Luiza,Mistral,65,11,,,,,,,
argumentation,soft,1,1,0.16179895,model-human,TED_019,argumentation,Mistral vs Luiza,,,Luiza,Mistral,65,11,,,,,,,
argumentation,standard,1,2,0.16196668,model-human,TED_019,argumentation,Mistral vs Luiza,,,Luiza,Mistral,65,11,,,,,,,
argumentation,soft,1,2,0.16005468,model-human,TED_019,argumentation,Mistral vs Luiza,,,Luiza,Mistral,65,11,,,,,,,
argumentation,standard,1,1,0.16392124,model-human,TED_019,argumentation,Mistral vs Sara,,,Sara,Mistral,63,11,,,,,,,
argumentation,soft,1,1,0.16155249,model-human,TED_019,argumentation,Mistral vs Sara,,,Sara,Mistral,63,11,,,,,,,
argumentation,standard,1,2,0.16104436,model-human,TED_019,argumentation,Mistral vs Sara,,,Sara,Mistral,63,11,,,,,,,
argumentation,soft,1,2,0.15795457,model-human,TED_019,argumentation,Mistral vs Sara,,,Sara,Mistral,63,11,,,,,,,
argumentation,standard,1,1,0.1128121,model-human,TED_019,argumentation,Qwen vs Luiza,,,Luiza,Qwen,65,7,,,,,,,
argumentation,soft,1,1,0.11010504,model-human,TED_019,argumentation,Qwen vs Luiza,,,Luiza,Qwen,65,7,,,,,,,
argumentation,standard,1,2,0.11184162,model-human,TED_019,argumentation,Qwen vs Luiza,,,Luiza,Qwen,65,7,,,,,,,
argumentation,soft,1,2,0.109173775,model-human,TED_019,argumentation,Qwen vs Luiza,,,Luiza,Qwen,65,7,,,,,,,
argumentation,standard,1,1,0.11812824,model-human,TED_019,argumentation,Qwen vs Sara,,,Sara,Qwen,63,7,,,,,,,
argumentation,soft,1,1,0.11478096,model-human,TED_019,argumentation,Qwen vs Sara,,,Sara,Qwen,63,7,,,,,,,
argumentation,standard,1,2,0.114093244,model-human,TED_019,argumentation,Qwen vs Sara,,,Sara,Qwen,63,7,,,,,,,
argumentation,soft,1,2,0.11039841,model-human,TED_019,argumentation,Qwen vs Sara,,,Sara,Qwen,63,7,,,,,,,
argumentation,standard,1,1,0.3296597,model-human,TED_019,argumentation,Gemma vs Luiza,,,Luiza,Gemma,65,30,,,,,,,
argumentation,soft,1,1,0.32410467,model-human,TED_019,argumentation,Gemma vs Luiza,,,Luiza,Gemma,65,30,,,,,,,
argumentation,standard,1,2,0.3217556,model-human,TED_019,argumentation,Gemma vs Luiza,,,Luiza,Gemma,65,30,,,,,,,
argumentation,soft,1,2,0.31618124,model-human,TED_019,argumentation,Gemma vs Luiza,,,Luiza,Gemma,65,30,,,,,,,
argumentation,standard,1,1,0.33525282,model-human,TED_019,argumentation,Gemma vs Sara,,,Sara,Gemma,63,30,,,,,,,
argumentation,soft,1,1,0.32940638,model-human,TED_019,argumentation,Gemma vs Sara,,,Sara,Gemma,63,30,,,,,,,
argumentation,standard,1,2,0.33168572,model-human,TED_019,argumentation,Gemma vs Sara,,,Sara,Gemma,63,30,,,,,,,
argumentation,soft,1,2,0.3257156,model-human,TED_019,argumentation,Gemma vs Sara,,,Sara,Gemma,63,30,,,,,,,
argumentation,standard,1,1,0.20092493,model-human,TED_020,argumentation,Mistral vs Luiza,,,Luiza,Mistral,98,35,,,,,,,
argumentation,soft,1,1,0.18668342,model-human,TED_020,argumentation,Mistral vs Luiza,,,Luiza,Mistral,98,35,,,,,,,
argumentation,standard,1,2,0.17222059,model-human,TED_020,argumentation,Mistral vs Luiza,,,Luiza,Mistral,98,35,,,,,,,
argumentation,soft,1,2,0.15684104,model-human,TED_020,argumentation,Mistral vs Luiza,,,Luiza,Mistral,98,35,,,,,,,
argumentation,standard,1,1,0.1664626,model-human,TED_020,argumentation,Mistral vs Sara,,,Sara,Mistral,100,35,,,,,,,
argumentation,soft,1,1,0.14777946,model-human,TED_020,argumentation,Mistral vs Sara,,,Sara,Mistral,100,35,,,,,,,
argumentation,standard,1,2,0.14270073,model-human,TED_020,argumentation,Mistral vs Sara,,,Sara,Mistral,100,35,,,,,,,
argumentation,soft,1,2,0.123003185,model-human,TED_020,argumentation,Mistral vs Sara,,,Sara,Mistral,100,35,,,,,,,
argumentation,standard,1,1,0.019686282,model-human,TED_020,argumentation,Qwen vs Luiza,,,Luiza,Qwen,98,13,,,,,,,
argumentation,soft,1,1,0.009829342,model-human,TED_020,argumentation,Qwen vs Luiza,,,Luiza,Qwen,98,13,,,,,,,
argumentation,standard,1,2,0.036408365,model-human,TED_020,argumentation,Qwen vs Luiza,,,Luiza,Qwen,98,13,,,,,,,
argumentation,soft,1,2,0.02629447,model-human,TED_020,argumentation,Qwen vs Luiza,,,Luiza,Qwen,98,13,,,,,,,
argumentation,standard,1,1,0.025510967,model-human,TED_020,argumentation,Qwen vs Sara,,,Sara,Qwen,100,13,,,,,,,
argumentation,soft,1,1,0.015059888,model-human,TED_020,argumentation,Qwen vs Sara,,,Sara,Qwen,100,13,,,,,,,
argumentation,standard,1,2,0.03338778,model-human,TED_020,argumentation,Qwen vs Sara,,,Sara,Qwen,100,13,,,,,,,
argumentation,soft,1,2,0.022283018,model-human,TED_020,argumentation,Qwen vs Sara,,,Sara,Qwen,100,13,,,,,,,
argumentation,standard,1,1,0.18084157,model-human,TED_020,argumentation,Gemma vs Luiza,,,Luiza,Gemma,98,29,,,,,,,
argumentation,soft,1,1,0.16948014,model-human,TED_020,argumentation,Gemma vs Luiza,,,Luiza,Gemma,98,29,,,,,,,
argumentation,standard,1,2,0.16487199,model-human,TED_020,argumentation,Gemma vs Luiza,,,Luiza,Gemma,98,29,,,,,,,
argumentation,soft,1,2,0.15203875,model-human,TED_020,argumentation,Gemma vs Luiza,,,Luiza,Gemma,98,29,,,,,,,
argumentation,standard,1,1,0.18799347,model-human,TED_020,argumentation,Gemma vs Sara,,,Sara,Gemma,100,29,,,,,,,
argumentation,soft,1,1,0.17021108,model-human,TED_020,argumentation,Gemma vs Sara,,,Sara,Gemma,100,29,,,,,,,
argumentation,standard,1,2,0.17049003,model-human,TED_020,argumentation,Gemma vs Sara,,,Sara,Gemma,100,29,,,,,,,
argumentation,soft,1,2,0.1522913,model-human,TED_020,argumentation,Gemma vs Sara,,,Sara,Gemma,100,29,,,,,,,
argumentation,standard,1,1,0.38855988,model-model-pair,TED_001,argumentation,Mistral vs Qwen,,,,,,,Mistral,Qwen,3,3,,,
argumentation,soft,1,1,0.38855988,model-model-pair,TED_001,argumentation,Mistral vs Qwen,,,,,,,Mistral,Qwen,3,3,,,
argumentation,standard,1,2,0.3007359,model-model-pair,TED_001,argumentation,Mistral vs Qwen,,,,,,,Mistral,Qwen,3,3,,,
argumentation,soft,1,2,0.3007359,model-model-pair,TED_001,argumentation,Mistral vs Qwen,,,,,,,Mistral,Qwen,3,3,,,
argumentation,standard,1,1,0.18578011,model-model-pair,TED_001,argumentation,Mistral vs Gemma,,,,,,,Mistral,Gemma,3,4,,,
argumentation,soft,1,1,0.18291599,model-model-pair,TED_001,argumentation,Mistral vs Gemma,,,,,,,Mistral,Gemma,3,4,,,
argumentation,standard,1,2,0.20236796,model-model-pair,TED_001,argumentation,Mistral vs Gemma,,,,,,,Mistral,Gemma,3,4,,,
argumentation,soft,1,2,0.19961953,model-model-pair,TED_001,argumentation,Mistral vs Gemma,,,,,,,Mistral,Gemma,3,4,,,
argumentation,standard,1,1,0.8267541,model-model-pair,TED_001,argumentation,Qwen vs Gemma,,,,,,,Qwen,Gemma,3,4,,,
argumentation,soft,1,1,0.8257992,model-model-pair,TED_001,argumentation,Qwen vs Gemma,,,,,,,Qwen,Gemma,3,4,,,
argumentation,standard,1,2,0.8319163,model-model-pair,TED_001,argumentation,Qwen vs Gemma,,,,,,,Qwen,Gemma,3,4,,,
argumentation,soft,1,2,0.83101755,model-model-pair,TED_001,argumentation,Qwen vs Gemma,,,,,,,Qwen,Gemma,3,4,,,
argumentation,standard,1,1,0.33751816,model-model-pair,TED_002,argumentation,Mistral vs Qwen,,,,,,,Mistral,Qwen,19,15,,,
argumentation,soft,1,1,0.32277662,model-model-pair,TED_002,argumentation,Mistral vs Qwen,,,,,,,Mistral,Qwen,19,15,,,
argumentation,standard,1,2,0.20551556,model-model-pair,TED_002,argumentation,Mistral vs Qwen,,,,,,,Mistral,Qwen,19,15,,,
argumentation,soft,1,2,0.18388242,model-model-pair,TED_002,argumentation,Mistral vs Qwen,,,,,,,Mistral,Qwen,19,15,,,
argumentation,standard,1,1,0.29799968,model-model-pair,TED_002,argumentation,Mistral vs Gemma,,,,,,,Mistral,Gemma,19,18,,,
argumentation,soft,1,1,0.28187096,model-model-pair,TED_002,argumentation,Mistral vs Gemma,,,,,,,Mistral,Gemma,19,18,,,
argumentation,standard,1,2,0.1516217,model-model-pair,TED_002,argumentation,Mistral vs Gemma,,,,,,,Mistral,Gemma,19,18,,,
argumentation,soft,1,2,0.12950397,model-model-pair,TED_002,argumentation,Mistral vs Gemma,,,,,,,Mistral,Gemma,19,18,,,
argumentation,standard,1,1,0.6147758,model-model-pair,TED_002,argumentation,Qwen vs Gemma,,,,,,,Qwen,Gemma,15,18,,,
argumentation,soft,1,1,0.6072651,model-model-pair,TED_002,argumentation,Qwen vs Gemma,,,,,,,Qwen,Gemma,15,18,,,
argumentation,standard,1,2,0.5611925,model-model-pair,TED_002,argumentation,Qwen vs Gemma,,,,,,,Qwen,Gemma,15,18,,,
argumentation,soft,1,2,0.5510597,model-model-pair,TED_002,argumentation,Qwen vs Gemma,,,,,,,Qwen,Gemma,15,18,,,
argumentation,standard,1,1,0.30038244,model-model-pair,TED_004,argumentation,Mistral vs Qwen,,,,,,,Mistral,Qwen,11,6,,,
argumentation,soft,1,1,0.2998579,model-model-pair,TED_004,argumentation,Mistral vs Qwen,,,,,,,Mistral,Qwen,11,6,,,
argumentation,standard,1,2,0.3162452,model-model-pair,TED_004,argumentation,Mistral vs Qwen,,,,,,,Mistral,Qwen,11,6,,,
argumentation,soft,1,2,0.31551594,model-model-pair,TED_004,argumentation,Mistral vs Qwen,,,,,,,Mistral,Qwen,11,6,,,
argumentation,standard,1,1,0.3589853,model-model-pair,TED_004,argumentation,Mistral vs Gemma,,,,,,,Mistral,Gemma,11,6,,,
argumentation,soft,1,1,0.3589853,model-model-pair,TED_004,argumentation,Mistral vs Gemma,,,,,,,Mistral,Gemma,11,6,,,
argumentation,standard,1,2,0.3740487,model-model-pair,TED_004,argumentation,Mistral vs Gemma,,,,,,,Mistral,Gemma,11,6,,,
argumentation,soft,1,2,0.37396228,model-model-pair,TED_004,argumentation,Mistral vs Gemma,,,,,,,Mistral,Gemma,11,6,,,
argumentation,standard,1,1,0.821823,model-model-pair,TED_004,argumentation,Qwen vs Gemma,,,,,,,Qwen,Gemma,6,6,,,
argumentation,soft,1,1,0.82111037,model-model-pair,TED_004,argumentation,Qwen vs Gemma,,,,,,,Qwen,Gemma,6,6,,,
argumentation,standard,1,2,0.8239139,model-model-pair,TED_004,argumentation,Qwen vs Gemma,,,,,,,Qwen,Gemma,6,6,,,
argumentation,soft,1,2,0.82321787,model-model-pair,TED_004,argumentation,Qwen vs Gemma,,,,,,,Qwen,Gemma,6,6,,,
argumentation,standard,1,1,0.52633035,model-model-pair,TED_005,argumentation,Mistral vs Qwen,,,,,,,Mistral,Qwen,9,6,,,
argumentation,soft,1,1,0.528643,model-model-pair,TED_005,argumentation,Mistral vs Qwen,,,,,,,Mistral,Qwen,9,6,,,
argumentation,standard,1,2,0.42609048,model-model-pair,TED_005,argumentation,Mistral vs Qwen,,,,,,,Mistral,Qwen,9,6,,,
argumentation,soft,1,2,0.42448974,model-model-pair,TED_005,argumentation,Mistral vs Qwen,,,,,,,Mistral,Qwen,9,6,,,
argumentation,standard,1,1,0.40533876,model-model-pair,TED_005,argumentation,Mistral vs Gemma,,,,,,,Mistral,Gemma,9,10,,,
argumentation,soft,1,1,0.40349776,model-model-pair,TED_005,argumentation,Mistral vs Gemma,,,,,,,Mistral,Gemma,9,10,,,
argumentation,standard,1,2,0.3648734,model-model-pair,TED_005,argumentation,Mistral vs Gemma,,,,,,,Mistral,Gemma,9,10,,,
argumentation,soft,1,2,0.36296064,model-model-pair,TED_005,argumentation,Mistral vs Gemma,,,,,,,Mistral,Gemma,9,10,,,
argumentation,standard,1,1,0.32300788,model-model-pair,TED_005,argumentation,Qwen vs Gemma,,,,,,,Qwen,Gemma,6,10,,,
argumentation,soft,1,1,0.36019802,model-model-pair,TED_005,argumentation,Qwen vs Gemma,,,,,,,Qwen,Gemma,6,10,,,
argumentation,standard,1,2,0.27460963,model-model-pair,TED_005,argumentation,Qwen vs Gemma,,,,,,,Qwen,Gemma,6,10,,,
argumentation,soft,1,2,0.3111099,model-model-pair,TED_005,argumentation,Qwen vs Gemma,,,,,,,Qwen,Gemma,6,10,,,
argumentation,standard,1,1,0.09208512,model-model-pair,TED_006,argumentation,Mistral vs Qwen,,,,,,,Mistral,Qwen,25,5,,,
argumentation,soft,1,1,0.08758032,model-model-pair,TED_006,argumentation,Mistral vs Qwen,,,,,,,Mistral,Qwen,25,5,,,
argumentation,standard,1,2,0.03818649,model-model-pair,TED_006,argumentation,Mistral vs Qwen,,,,,,,Mistral,Qwen,25,5,,,
argumentation,soft,1,2,0.03308475,model-model-pair,TED_006,argumentation,Mistral vs Qwen,,,,,,,Mistral,Qwen,25,5,,,
argumentation,standard,1,1,0.088790715,model-model-pair,TED_006,argumentation,Mistral vs Gemma,,,,,,,Mistral,Gemma,25,8,,,
argumentation,soft,1,1,0.085407734,model-model-pair,TED_006,argumentation,Mistral vs Gemma,,,,,,,Mistral,Gemma,25,8,,,
argumentation,standard,1,2,0.0167557,model-model-pair,TED_006,argumentation,Mistral vs Gemma,,,,,,,Mistral,Gemma,25,8,,,
argumentation,soft,1,2,0.013221085,model-model-pair,TED_006,argumentation,Mistral vs Gemma,,,,,,,Mistral,Gemma,25,8,,,
argumentation,standard,1,1,0.6709249,model-model-pair,TED_006,argumentation,Qwen vs Gemma,,,,,,,Qwen,Gemma,5,8,,,
argumentation,soft,1,1,0.6709249,model-model-pair,TED_006,argumentation,Qwen vs Gemma,,,,,,,Qwen,Gemma,5,8,,,
argumentation,standard,1,2,0.59873176,model-model-pair,TED_006,argumentation,Qwen vs Gemma,,,,,,,Qwen,Gemma,5,8,,,
argumentation,soft,1,2,0.59873176,model-model-pair,TED_006,argumentation,Qwen vs Gemma,,,,,,,Qwen,Gemma,5,8,,,
argumentation,standard,1,1,0.49746114,model-model-pair,TED_007,argumentation,Mistral vs Qwen,,,,,,,Mistral,Qwen,15,16,,,
argumentation,soft,1,1,0.4888065,model-model-pair,TED_007,argumentation,Mistral vs Qwen,,,,,,,Mistral,Qwen,15,16,,,
argumentation,standard,1,2,0.4906413,model-model-pair,TED_007,argumentation,Mistral vs Qwen,,,,,,,Mistral,Qwen,15,16,,,
argumentation,soft,1,2,0.4816851,model-model-pair,TED_007,argumentation,Mistral vs Qwen,,,,,,,Mistral,Qwen,15,16,,,
argumentation,standard,1,1,0.5817777,model-model-pair,TED_007,argumentation,Mistral vs Gemma,,,,,,,Mistral,Gemma,15,20,,,
argumentation,soft,1,1,0.5761157,model-model-pair,TED_007,argumentation,Mistral vs Gemma,,,,,,,Mistral,Gemma,15,20,,,
argumentation,standard,1,2,0.56610924,model-model-pair,TED_007,argumentation,Mistral vs Gemma,,,,,,,Mistral,Gemma,15,20,,,
argumentation,soft,1,2,0.5604625,model-model-pair,TED_007,argumentation,Mistral vs Gemma,,,,,,,Mistral,Gemma,15,20,,,
argumentation,standard,1,1,0.59973764,model-model-pair,TED_007,argumentation,Qwen vs Gemma,,,,,,,Qwen,Gemma,16,20,,,
argumentation,soft,1,1,0.5953331,model-model-pair,TED_007,argumentation,Qwen vs Gemma,,,,,,,Qwen,Gemma,16,20,,,
argumentation,standard,1,2,0.6211593,model-model-pair,TED_007,argumentation,Qwen vs Gemma,,,,,,,Qwen,Gemma,16,20,,,
argumentation,soft,1,2,0.61673087,model-model-pair,TED_007,argumentation,Qwen vs Gemma,,,,,,,Qwen,Gemma,16,20,,,
argumentation,standard,1,1,0.18102741,model-model-pair,TED_008,argumentation,Mistral vs Qwen,,,,,,,Mistral,Qwen,19,12,,,
argumentation,soft,1,1,0.17687464,model-model-pair,TED_008,argumentation,Mistral vs Qwen,,,,,,,Mistral,Qwen,19,12,,,
argumentation,standard,1,2,0.07511777,model-model-pair,TED_008,argumentation,Mistral vs Qwen,,,,,,,Mistral,Qwen,19,12,,,
argumentation,soft,1,2,0.06994158,model-model-pair,TED_008,argumentation,Mistral vs Qwen,,,,,,,Mistral,Qwen,19,12,,,
argumentation,standard,1,1,0.20724314,model-model-pair,TED_008,argumentation,Mistral vs Gemma,,,,,,,Mistral,Gemma,19,17,,,
argumentation,soft,1,1,0.20573115,model-model-pair,TED_008,argumentation,Mistral vs Gemma,,,,,,,Mistral,Gemma,19,17,,,
argumentation,standard,1,2,0.06414783,model-model-pair,TED_008,argumentation,Mistral vs Gemma,,,,,,,Mistral,Gemma,19,17,,,
argumentation,soft,1,2,0.06199348,model-model-pair,TED_008,argumentation,Mistral vs Gemma,,,,,,,Mistral,Gemma,19,17,,,
argumentation,standard,1,1,0.75658727,model-model-pair,TED_008,argumentation,Qwen vs Gemma,,,,,,,Qwen,Gemma,12,17,,,
argumentation,soft,1,1,0.75580853,model-model-pair,TED_008,argumentation,Qwen vs Gemma,,,,,,,Qwen,Gemma,12,17,,,
argumentation,standard,1,2,0.72564536,model-model-pair,TED_008,argumentation,Qwen vs Gemma,,,,,,,Qwen,Gemma,12,17,,,
argumentation,soft,1,2,0.7245492,model-model-pair,TED_008,argumentation,Qwen vs Gemma,,,,,,,Qwen,Gemma,12,17,,,
argumentation,standard,1,1,0.35291904,model-model-pair,TED_010,argumentation,Mistral vs Qwen,,,,,,,Mistral,Qwen,8,5,,,
argumentation,soft,1,1,0.35281843,model-model-pair,TED_010,argumentation,Mistral vs Qwen,,,,,,,Mistral,Qwen,8,5,,,
argumentation,standard,1,2,0.13830626,model-model-pair,TED_010,argumentation,Mistral vs Qwen,,,,,,,Mistral,Qwen,8,5,,,
argumentation,soft,1,2,0.13817441,model-model-pair,TED_010,argumentation,Mistral vs Qwen,,,,,,,Mistral,Qwen,8,5,,,
argumentation,standard,1,1,0.4162864,model-model-pair,TED_010,argumentation,Mistral vs Gemma,,,,,,,Mistral,Gemma,8,8,,,
argumentation,soft,1,1,0.4162864,model-model-pair,TED_010,argumentation,Mistral vs Gemma,,,,,,,Mistral,Gemma,8,8,,,
argumentation,standard,1,2,0.29085404,model-model-pair,TED_010,argumentation,Mistral vs Gemma,,,,,,,Mistral,Gemma,8,8,,,
argumentation,soft,1,2,0.29085404,model-model-pair,TED_010,argumentation,Mistral vs Gemma,,,,,,,Mistral,Gemma,8,8,,,
argumentation,standard,1,1,0.5916507,model-model-pair,TED_010,argumentation,Qwen vs Gemma,,,,,,,Qwen,Gemma,5,8,,,
argumentation,soft,1,1,0.59102523,model-model-pair,TED_010,argumentation,Qwen vs Gemma,,,,,,,Qwen,Gemma,5,8,,,
argumentation,standard,1,2,0.597111,model-model-pair,TED_010,argumentation,Qwen vs Gemma,,,,,,,Qwen,Gemma,5,8,,,
argumentation,soft,1,2,0.5965021,model-model-pair,TED_010,argumentation,Qwen vs Gemma,,,,,,,Qwen,Gemma,5,8,,,
argumentation,standard,1,1,0.07194191,model-model-pair,TED_011,argumentation,Mistral vs Qwen,,,,,,,Mistral,Qwen,39,8,,,
argumentation,soft,1,1,0.06314987,model-model-pair,TED_011,argumentation,Mistral vs Qwen,,,,,,,Mistral,Qwen,39,8,,,
argumentation,standard,1,2,-0.016925812,model-model-pair,TED_011,argumentation,Mistral vs Qwen,,,,,,,Mistral,Qwen,39,8,,,
argumentation,soft,1,2,-0.026507258,model-model-pair,TED_011,argumentation,Mistral vs Qwen,,,,,,,Mistral,Qwen,39,8,,,
argumentation,standard,1,1,0.17238033,model-model-pair,TED_011,argumentation,Mistral vs Gemma,,,,,,,Mistral,Gemma,39,14,,,
argumentation,soft,1,1,0.15189505,model-model-pair,TED_011,argumentation,Mistral vs Gemma,,,,,,,Mistral,Gemma,39,14,,,
argumentation,standard,1,2,0.13386339,model-model-pair,TED_011,argumentation,Mistral vs Gemma,,,,,,,Mistral,Gemma,39,14,,,
argumentation,soft,1,2,0.112576306,model-model-pair,TED_011,argumentation,Mistral vs Gemma,,,,,,,Mistral,Gemma,39,14,,,
argumentation,standard,1,1,0.5087623,model-model-pair,TED_011,argumentation,Qwen vs Gemma,,,,,,,Qwen,Gemma,8,14,,,
argumentation,soft,1,1,0.50805324,model-model-pair,TED_011,argumentation,Qwen vs Gemma,,,,,,,Qwen,Gemma,8,14,,,
argumentation,standard,1,2,0.42313212,model-model-pair,TED_011,argumentation,Qwen vs Gemma,,,,,,,Qwen,Gemma,8,14,,,
argumentation,soft,1,2,0.42231655,model-model-pair,TED_011,argumentation,Qwen vs Gemma,,,,,,,Qwen,Gemma,8,14,,,
argumentation,standard,1,1,0.23886871,model-model-pair,TED_012,argumentation,Mistral vs Qwen,,,,,,,Mistral,Qwen,17,6,,,
argumentation,soft,1,1,0.23802984,model-model-pair,TED_012,argumentation,Mistral vs Qwen,,,,,,,Mistral,Qwen,17,6,,,
argumentation,standard,1,2,0.20208442,model-model-pair,TED_012,argumentation,Mistral vs Qwen,,,,,,,Mistral,Qwen,17,6,,,
argumentation,soft,1,2,0.2012068,model-model-pair,TED_012,argumentation,Mistral vs Qwen,,,,,,,Mistral,Qwen,17,6,,,
argumentation,standard,1,1,0.2523967,model-model-pair,TED_012,argumentation,Mistral vs Gemma,,,,,,,Mistral,Gemma,17,9,,,
argumentation,soft,1,1,0.2497673,model-model-pair,TED_012,argumentation,Mistral vs Gemma,,,,,,,Mistral,Gemma,17,9,,,
argumentation,standard,1,2,0.2161457,model-model-pair,TED_012,argumentation,Mistral vs Gemma,,,,,,,Mistral,Gemma,17,9,,,
argumentation,soft,1,2,0.21341372,model-model-pair,TED_012,argumentation,Mistral vs Gemma,,,,,,,Mistral,Gemma,17,9,,,
argumentation,standard,1,1,0.42749548,model-model-pair,TED_012,argumentation,Qwen vs Gemma,,,,,,,Qwen,Gemma,6,9,,,
argumentation,soft,1,1,0.42749548,model-model-pair,TED_012,argumentation,Qwen vs Gemma,,,,,,,Qwen,Gemma,6,9,,,
argumentation,standard,1,2,0.36077178,model-model-pair,TED_012,argumentation,Qwen vs Gemma,,,,,,,Qwen,Gemma,6,9,,,
argumentation,soft,1,2,0.36077178,model-model-pair,TED_012,argumentation,Qwen vs Gemma,,,,,,,Qwen,Gemma,6,9,,,
argumentation,standard,1,1,0.16331577,model-model-pair,TED_015,argumentation,Mistral vs Qwen,,,,,,,Mistral,Qwen,61,12,,,
argumentation,soft,1,1,0.16720885,model-model-pair,TED_015,argumentation,Mistral vs Qwen,,,,,,,Mistral,Qwen,61,12,,,
argumentation,standard,1,2,0.15147501,model-model-pair,TED_015,argumentation,Mistral vs Qwen,,,,,,,Mistral,Qwen,61,12,,,
argumentation,soft,1,2,0.15466684,model-model-pair,TED_015,argumentation,Mistral vs Qwen,,,,,,,Mistral,Qwen,61,12,,,
argumentation,standard,1,1,0.29755443,model-model-pair,TED_015,argumentation,Mistral vs Gemma,,,,,,,Mistral,Gemma,61,21,,,
argumentation,soft,1,1,0.29023737,model-model-pair,TED_015,argumentation,Mistral vs Gemma,,,,,,,Mistral,Gemma,61,21,,,
argumentation,standard,1,2,0.2791853,model-model-pair,TED_015,argumentation,Mistral vs Gemma,,,,,,,Mistral,Gemma,61,21,,,
argumentation,soft,1,2,0.27158356,model-model-pair,TED_015,argumentation,Mistral vs Gemma,,,,,,,Mistral,Gemma,61,21,,,
argumentation,standard,1,1,0.48257142,model-model-pair,TED_015,argumentation,Qwen vs Gemma,,,,,,,Qwen,Gemma,12,21,,,
argumentation,soft,1,1,0.5086115,model-model-pair,TED_015,argumentation,Qwen vs Gemma,,,,,,,Qwen,Gemma,12,21,,,
argumentation,standard,1,2,0.49603212,model-model-pair,TED_015,argumentation,Qwen vs Gemma,,,,,,,Qwen,Gemma,12,21,,,
argumentation,soft,1,2,0.5214274,model-model-pair,TED_015,argumentation,Qwen vs Gemma,,,,,,,Qwen,Gemma,12,21,,,
argumentation,standard,1,1,0.13559031,model-model-pair,TED_016,argumentation,Mistral vs Qwen,,,,,,,Mistral,Qwen,43,10,,,
argumentation,soft,1,1,0.14527959,model-model-pair,TED_016,argumentation,Mistral vs Qwen,,,,,,,Mistral,Qwen,43,10,,,
argumentation,standard,1,2,0.07623088,model-model-pair,TED_016,argumentation,Mistral vs Qwen,,,,,,,Mistral,Qwen,43,10,,,
argumentation,soft,1,2,0.08520532,model-model-pair,TED_016,argumentation,Mistral vs Qwen,,,,,,,Mistral,Qwen,43,10,,,
argumentation,standard,1,1,0.16382253,model-model-pair,TED_016,argumentation,Mistral vs Gemma,,,,,,,Mistral,Gemma,43,32,,,
argumentation,soft,1,1,0.13261408,model-model-pair,TED_016,argumentation,Mistral vs Gemma,,,,,,,Mistral,Gemma,43,32,,,
argumentation,standard,1,2,0.10341406,model-model-pair,TED_016,argumentation,Mistral vs Gemma,,,,,,,Mistral,Gemma,43,32,,,
argumentation,soft,1,2,0.06890637,model-model-pair,TED_016,argumentation,Mistral vs Gemma,,,,,,,Mistral,Gemma,43,32,,,
argumentation,standard,1,1,0.2688688,model-model-pair,TED_016,argumentation,Qwen vs Gemma,,,,,,,Qwen,Gemma,10,32,,,
argumentation,soft,1,1,0.2666114,model-model-pair,TED_016,argumentation,Qwen vs Gemma,,,,,,,Qwen,Gemma,10,32,,,
argumentation,standard,1,2,0.2586633,model-model-pair,TED_016,argumentation,Qwen vs Gemma,,,,,,,Qwen,Gemma,10,32,,,
argumentation,soft,1,2,0.25533444,model-model-pair,TED_016,argumentation,Qwen vs Gemma,,,,,,,Qwen,Gemma,10,32,,,
argumentation,standard,1,1,0.35626417,model-model-pair,TED_017,argumentation,Mistral vs Qwen,,,,,,,Mistral,Qwen,10,10,,,
argumentation,soft,1,1,0.39467984,model-model-pair,TED_017,argumentation,Mistral vs Qwen,,,,,,,Mistral,Qwen,10,10,,,
argumentation,standard,1,2,0.26632518,model-model-pair,TED_017,argumentation,Mistral vs Qwen,,,,,,,Mistral,Qwen,10,10,,,
argumentation,soft,1,2,0.30412465,model-model-pair,TED_017,argumentation,Mistral vs Qwen,,,,,,,Mistral,Qwen,10,10,,,
argumentation,standard,1,1,0.13591516,model-model-pair,TED_017,argumentation,Mistral vs Gemma,,,,,,,Mistral,Gemma,10,6,,,
argumentation,soft,1,1,0.13591516,model-model-pair,TED_017,argumentation,Mistral vs Gemma,,,,,,,Mistral,Gemma,10,6,,,
argumentation,standard,1,2,0.089113474,model-model-pair,TED_017,argumentation,Mistral vs Gemma,,,,,,,Mistral,Gemma,10,6,,,
argumentation,soft,1,2,0.089113474,model-model-pair,TED_017,argumentation,Mistral vs Gemma,,,,,,,Mistral,Gemma,10,6,,,
argumentation,standard,1,1,0.19971132,model-model-pair,TED_017,argumentation,Qwen vs Gemma,,,,,,,Qwen,Gemma,10,6,,,
argumentation,soft,1,1,0.19971132,model-model-pair,TED_017,argumentation,Qwen vs Gemma,,,,,,,Qwen,Gemma,10,6,,,
argumentation,standard,1,2,0.20726699,model-model-pair,TED_017,argumentation,Qwen vs Gemma,,,,,,,Qwen,Gemma,10,6,,,
argumentation,soft,1,2,0.20726699,model-model-pair,TED_017,argumentation,Qwen vs Gemma,,,,,,,Qwen,Gemma,10,6,,,
argumentation,standard,1,1,0.23277092,model-model-pair,TED_018,argumentation,Mistral vs Qwen,,,,,,,Mistral,Qwen,30,10,,,
argumentation,soft,1,1,0.23127484,model-model-pair,TED_018,argumentation,Mistral vs Qwen,,,,,,,Mistral,Qwen,30,10,,,
argumentation,standard,1,2,0.2089687,model-model-pair,TED_018,argumentation,Mistral vs Qwen,,,,,,,Mistral,Qwen,30,10,,,
argumentation,soft,1,2,0.2074467,model-model-pair,TED_018,argumentation,Mistral vs Qwen,,,,,,,Mistral,Qwen,30,10,,,
argumentation,standard,1,1,0.3298748,model-model-pair,TED_018,argumentation,Mistral vs Gemma,,,,,,,Mistral,Gemma,30,18,,,
argumentation,soft,1,1,0.32843947,model-model-pair,TED_018,argumentation,Mistral vs Gemma,,,,,,,Mistral,Gemma,30,18,,,
argumentation,standard,1,2,0.29188627,model-model-pair,TED_018,argumentation,Mistral vs Gemma,,,,,,,Mistral,Gemma,30,18,,,
argumentation,soft,1,2,0.29032516,model-model-pair,TED_018,argumentation,Mistral vs Gemma,,,,,,,Mistral,Gemma,30,18,,,
argumentation,standard,1,1,0.52753085,model-model-pair,TED_018,argumentation,Qwen vs Gemma,,,,,,,Qwen,Gemma,10,18,,,
argumentation,soft,1,1,0.52746314,model-model-pair,TED_018,argumentation,Qwen vs Gemma,,,,,,,Qwen,Gemma,10,18,,,
argumentation,standard,1,2,0.4816944,model-model-pair,TED_018,argumentation,Qwen vs Gemma,,,,,,,Qwen,Gemma,10,18,,,
argumentation,soft,1,2,0.48162192,model-model-pair,TED_018,argumentation,Qwen vs Gemma,,,,,,,Qwen,Gemma,10,18,,,
argumentation,standard,1,1,0.5956199,model-model-pair,TED_019,argumentation,Mistral vs Qwen,,,,,,,Mistral,Qwen,11,7,,,
argumentation,soft,1,1,0.5956199,model-model-pair,TED_019,argumentation,Mistral vs Qwen,,,,,,,Mistral,Qwen,11,7,,,
argumentation,standard,1,2,0.5932964,model-model-pair,TED_019,argumentation,Mistral vs Qwen,,,,,,,Mistral,Qwen,11,7,,,
argumentation,soft,1,2,0.5932964,model-model-pair,TED_019,argumentation,Mistral vs Qwen,,,,,,,Mistral,Qwen,11,7,,,
argumentation,standard,1,1,0.16820145,model-model-pair,TED_019,argumentation,Mistral vs Gemma,,,,,,,Mistral,Gemma,11,30,,,
argumentation,soft,1,1,0.1668418,model-model-pair,TED_019,argumentation,Mistral vs Gemma,,,,,,,Mistral,Gemma,11,30,,,
argumentation,standard,1,2,0.16580367,model-model-pair,TED_019,argumentation,Mistral vs Gemma,,,,,,,Mistral,Gemma,11,30,,,
argumentation,soft,1,2,0.1644414,model-model-pair,TED_019,argumentation,Mistral vs Gemma,,,,,,,Mistral,Gemma,11,30,,,
argumentation,standard,1,1,0.29979694,model-model-pair,TED_019,argumentation,Qwen vs Gemma,,,,,,,Qwen,Gemma,7,30,,,
argumentation,soft,1,1,0.29979694,model-model-pair,TED_019,argumentation,Qwen vs Gemma,,,,,,,Qwen,Gemma,7,30,,,
argumentation,standard,1,2,0.30274034,model-model-pair,TED_019,argumentation,Qwen vs Gemma,,,,,,,Qwen,Gemma,7,30,,,
argumentation,soft,1,2,0.30274034,model-model-pair,TED_019,argumentation,Qwen vs Gemma,,,,,,,Qwen,Gemma,7,30,,,
argumentation,standard,1,1,0.21401912,model-model-pair,TED_020,argumentation,Mistral vs Qwen,,,,,,,Mistral,Qwen,35,13,,,
argumentation,soft,1,1,0.21080887,model-model-pair,TED_020,argumentation,Mistral vs Qwen,,,,,,,Mistral,Qwen,35,13,,,
argumentation,standard,1,2,0.1958605,model-model-pair,TED_020,argumentation,Mistral vs Qwen,,,,,,,Mistral,Qwen,35,13,,,
argumentation,soft,1,2,0.19259578,model-model-pair,TED_020,argumentation,Mistral vs Qwen,,,,,,,Mistral,Qwen,35,13,,,
argumentation,standard,1,1,0.25801098,model-model-pair,TED_020,argumentation,Mistral vs Gemma,,,,,,,Mistral,Gemma,35,29,,,
argumentation,soft,1,1,0.25032663,model-model-pair,TED_020,argumentation,Mistral vs Gemma,,,,,,,Mistral,Gemma,35,29,,,
argumentation,standard,1,2,0.19909841,model-model-pair,TED_020,argumentation,Mistral vs Gemma,,,,,,,Mistral,Gemma,35,29,,,
argumentation,soft,1,2,0.19093889,model-model-pair,TED_020,argumentation,Mistral vs Gemma,,,,,,,Mistral,Gemma,35,29,,,
argumentation,standard,1,1,0.33689773,model-model-pair,TED_020,argumentation,Qwen vs Gemma,,,,,,,Qwen,Gemma,13,29,,,
argumentation,soft,1,1,0.33601397,model-model-pair,TED_020,argumentation,Qwen vs Gemma,,,,,,,Qwen,Gemma,13,29,,,
argumentation,standard,1,2,0.29675758,model-model-pair,TED_020,argumentation,Qwen vs Gemma,,,,,,,Qwen,Gemma,13,29,,,
argumentation,soft,1,2,0.29575098,model-model-pair,TED_020,argumentation,Qwen vs Gemma,,,,,,,Qwen,Gemma,13,29,,,
argumentation,standard,1,1,0.53966427,model-model-all3,TED_001,argumentation,Mistral vs Qwen vs Gemma,,,,,,,,,,,3,3,4
argumentation,soft,1,1,0.56282055,model-model-all3,TED_001,argumentation,Mistral vs Qwen vs Gemma,,,,,,,,,,,3,3,4
argumentation,standard,1,2,0.505568,model-model-all3,TED_001,argumentation,Mistral vs Qwen vs Gemma,,,,,,,,,,,3,3,4
argumentation,soft,1,2,0.505568,model-model-all3,TED_001,argumentation,Mistral vs Qwen vs Gemma,,,,,,,,,,,3,3,4
argumentation,standard,1,1,0.48284268,model-model-all3,TED_002,argumentation,Mistral vs Qwen vs Gemma,,,,,,,,,,,19,15,18
argumentation,soft,1,1,0.47537434,model-model-all3,TED_002,argumentation,Mistral vs Qwen vs Gemma,,,,,,,,,,,19,15,18
argumentation,standard,1,2,0.3860625,model-model-all3,TED_002,argumentation,Mistral vs Qwen vs Gemma,,,,,,,,,,,19,15,18
argumentation,soft,1,2,0.38382268,model-model-all3,TED_002,argumentation,Mistral vs Qwen vs Gemma,,,,,,,,,,,19,15,18
argumentation,standard,1,1,0.47587055,model-model-all3,TED_004,argumentation,Mistral vs Qwen vs Gemma,,,,,,,,,,,11,6,6
argumentation,soft,1,1,0.47500378,model-model-all3,TED_004,argumentation,Mistral vs Qwen vs Gemma,,,,,,,,,,,11,6,6
argumentation,standard,1,2,0.48129857,model-model-all3,TED_004,argumentation,Mistral vs Qwen vs Gemma,,,,,,,,,,,11,6,6
argumentation,soft,1,2,0.48047227,model-model-all3,TED_004,argumentation,Mistral vs Qwen vs Gemma,,,,,,,,,,,11,6,6
argumentation,standard,1,1,0.4696529,model-model-all3,TED_005,argumentation,Mistral vs Qwen vs Gemma,,,,,,,,,,,9,6,10
argumentation,soft,1,1,0.48296362,model-model-all3,TED_005,argumentation,Mistral vs Qwen vs Gemma,,,,,,,,,,,9,6,10
argumentation,standard,1,2,0.42826778,model-model-all3,TED_005,argumentation,Mistral vs Qwen vs Gemma,,,,,,,,,,,9,6,10
argumentation,soft,1,2,0.44105917,model-model-all3,TED_005,argumentation,Mistral vs Qwen vs Gemma,,,,,,,,,,,9,6,10
argumentation,standard,1,1,0.20586902,model-model-all3,TED_006,argumentation,Mistral vs Qwen vs Gemma,,,,,,,,,,,25,5,8
argumentation,soft,1,1,0.20511329,model-model-all3,TED_006,argumentation,Mistral vs Qwen vs Gemma,,,,,,,,,,,25,5,8
argumentation,standard,1,2,0.1631881,model-model-all3,TED_006,argumentation,Mistral vs Qwen vs Gemma,,,,,,,,,,,25,5,8
argumentation,soft,1,2,0.16229421,model-model-all3,TED_006,argumentation,Mistral vs Qwen vs Gemma,,,,,,,,,,,25,5,8
argumentation,standard,1,1,0.6094024,model-model-all3,TED_007,argumentation,Mistral vs Qwen vs Gemma,,,,,,,,,,,15,16,20
argumentation,soft,1,1,0.60548115,model-model-all3,TED_007,argumentation,Mistral vs Qwen vs Gemma,,,,,,,,,,,15,16,20
argumentation,standard,1,2,0.6185992,model-model-all3,TED_007,argumentation,Mistral vs Qwen vs Gemma,,,,,,,,,,,15,16,20
argumentation,soft,1,2,0.6157398,model-model-all3,TED_007,argumentation,Mistral vs Qwen vs Gemma,,,,,,,,,,,15,16,20
argumentation,standard,1,1,0.40596348,model-model-all3,TED_008,argumentation,Mistral vs Qwen vs Gemma,,,,,,,,,,,19,12,17
argumentation,soft,1,1,0.40258896,model-model-all3,TED_008,argumentation,Mistral vs Qwen vs Gemma,,,,,,,,,,,19,12,17
argumentation,standard,1,2,0.33214182,model-model-all3,TED_008,argumentation,Mistral vs Qwen vs Gemma,,,,,,,,,,,19,12,17
argumentation,soft,1,2,0.3288455,model-model-all3,TED_008,argumentation,Mistral vs Qwen vs Gemma,,,,,,,,,,,19,12,17
argumentation,standard,1,1,0.52731407,model-model-all3,TED_010,argumentation,Mistral vs Qwen vs Gemma,,,,,,,,,,,8,5,8
argumentation,soft,1,1,0.52695036,model-model-all3,TED_010,argumentation,Mistral vs Qwen vs Gemma,,,,,,,,,,,8,5,8
argumentation,standard,1,2,0.4209084,model-model-all3,TED_010,argumentation,Mistral vs Qwen vs Gemma,,,,,,,,,,,8,5,8
argumentation,soft,1,2,0.4204722,model-model-all3,TED_010,argumentation,Mistral vs Qwen vs Gemma,,,,,,,,,,,8,5,8
argumentation,standard,1,1,0.2137729,model-model-all3,TED_011,argumentation,Mistral vs Qwen vs Gemma,,,,,,,,,,,39,8,14
argumentation,soft,1,1,0.21557862,model-model-all3,TED_011,argumentation,Mistral vs Qwen vs Gemma,,,,,,,,,,,39,8,14
argumentation,standard,1,2,0.16515845,model-model-all3,TED_011,argumentation,Mistral vs Qwen vs Gemma,,,,,,,,,,,39,8,14
argumentation,soft,1,2,0.16669285,model-model-all3,TED_011,argumentation,Mistral vs Qwen vs Gemma,,,,,,,,,,,39,8,14
argumentation,standard,1,1,0.3347996,model-model-all3,TED_012,argumentation,Mistral vs Qwen vs Gemma,,,,,,,,,,,17,6,9
argumentation,soft,1,1,0.3456803,model-model-all3,TED_012,argumentation,Mistral vs Qwen vs Gemma,,,,,,,,,,,17,6,9
argumentation,standard,1,2,0.30079132,model-model-all3,TED_012,argumentation,Mistral vs Qwen vs Gemma,,,,,,,,,,,17,6,9
argumentation,soft,1,2,0.31152463,model-model-all3,TED_012,argumentation,Mistral vs Qwen vs Gemma,,,,,,,,,,,17,6,9
argumentation,standard,1,1,0.2812087,model-model-all3,TED_015,argumentation,Mistral vs Qwen vs Gemma,,,,,,,,,,,61,12,21
argumentation,soft,1,1,0.29078257,model-model-all3,TED_015,argumentation,Mistral vs Qwen vs Gemma,,,,,,,,,,,61,12,21
argumentation,standard,1,2,0.2814396,model-model-all3,TED_015,argumentation,Mistral vs Qwen vs Gemma,,,,,,,,,,,61,12,21
argumentation,soft,1,2,0.28903246,model-model-all3,TED_015,argumentation,Mistral vs Qwen vs Gemma,,,,,,,,,,,61,12,21
argumentation,standard,1,1,0.23517168,model-model-all3,TED_016,argumentation,Mistral vs Qwen vs Gemma,,,,,,,,,,,43,10,32
argumentation,soft,1,1,0.23965383,model-model-all3,TED_016,argumentation,Mistral vs Qwen vs Gemma,,,,,,,,,,,43,10,32
argumentation,standard,1,2,0.20432293,model-model-all3,TED_016,argumentation,Mistral vs Qwen vs Gemma,,,,,,,,,,,43,10,32
argumentation,soft,1,2,0.20923501,model-model-all3,TED_016,argumentation,Mistral vs Qwen vs Gemma,,,,,,,,,,,43,10,32
argumentation,standard,1,1,0.32424527,model-model-all3,TED_017,argumentation,Mistral vs Qwen vs Gemma,,,,,,,,,,,10,10,6
argumentation,soft,1,1,0.34465533,model-model-all3,TED_017,argumentation,Mistral vs Qwen vs Gemma,,,,,,,,,,,10,10,6
argumentation,standard,1,2,0.29163468,model-model-all3,TED_017,argumentation,Mistral vs Qwen vs Gemma,,,,,,,,,,,10,10,6
argumentation,soft,1,2,0.30095196,model-model-all3,TED_017,argumentation,Mistral vs Qwen vs Gemma,,,,,,,,,,,10,10,6
argumentation,standard,1,1,0.37863493,model-model-all3,TED_018,argumentation,Mistral vs Qwen vs Gemma,,,,,,,,,,,30,10,18
argumentation,soft,1,1,0.37829024,model-model-all3,TED_018,argumentation,Mistral vs Qwen vs Gemma,,,,,,,,,,,30,10,18
argumentation,standard,1,2,0.35880548,model-model-all3,TED_018,argumentation,Mistral vs Qwen vs Gemma,,,,,,,,,,,30,10,18
argumentation,soft,1,2,0.35848087,model-model-all3,TED_018,argumentation,Mistral vs Qwen vs Gemma,,,,,,,,,,,30,10,18
argumentation,standard,1,1,0.30293924,model-model-all3,TED_019,argumentation,Mistral vs Qwen vs Gemma,,,,,,,,,,,11,7,30
argumentation,soft,1,1,0.3024615,model-model-all3,TED_019,argumentation,Mistral vs Qwen vs Gemma,,,,,,,,,,,11,7,30
argumentation,standard,1,2,0.29435688,model-model-all3,TED_019,argumentation,Mistral vs Qwen vs Gemma,,,,,,,,,,,11,7,30
argumentation,soft,1,2,0.29391396,model-model-all3,TED_019,argumentation,Mistral vs Qwen vs Gemma,,,,,,,,,,,11,7,30
argumentation,standard,1,1,0.2890882,model-model-all3,TED_020,argumentation,Mistral vs Qwen vs Gemma,,,,,,,,,,,35,13,29
argumentation,soft,1,1,0.28722858,model-model-all3,TED_020,argumentation,Mistral vs Qwen vs Gemma,,,,,,,,,,,35,13,29
argumentation,standard,1,2,0.26099306,model-model-all3,TED_020,argumentation,Mistral vs Qwen vs Gemma,,,,,,,,,,,35,13,29
argumentation,soft,1,2,0.25925732,model-model-all3,TED_020,argumentation,Mistral vs Qwen vs Gemma,,,,,,,,,,,35,13,29
