layer,gamma_type,alpha,beta,gamma,agreement_type,document,task_type,annotators,Luiza_annotations,Sara_annotations,human_annotator,model,human_annotations,model_annotations,model_a,model_b,model_a_annotations,model_b_annotations,Mistral_annotations,Qwen_annotations,Gemma_annotations
narration,standard,1,1,0.07295936,human-human,TED_001,narration,Luiza vs Sara,10.0,4.0,,,,,,,,,,,
narration,soft,1,1,0.13453227,human-human,TED_001,narration,Luiza vs Sara,10.0,4.0,,,,,,,,,,,
narration,standard,1,2,0.16068453,human-human,TED_001,narration,Luiza vs Sara,10.0,4.0,,,,,,,,,,,
narration,soft,1,2,0.17813921,human-human,TED_001,narration,Luiza vs Sara,10.0,4.0,,,,,,,,,,,
narration,standard,1,1,0.24299252,human-human,TED_002,narration,Luiza vs Sara,10.0,7.0,,,,,,,,,,,
narration,soft,1,1,0.41805327,human-human,TED_002,narration,Luiza vs Sara,10.0,7.0,,,,,,,,,,,
narration,standard,1,2,0.33758837,human-human,TED_002,narration,Luiza vs Sara,10.0,7.0,,,,,,,,,,,
narration,soft,1,2,0.48997754,human-human,TED_002,narration,Luiza vs Sara,10.0,7.0,,,,,,,,,,,
narration,standard,1,1,-0.015614867,human-human,TED_004,narration,Luiza vs Sara,14.0,1.0,,,,,,,,,,,
narration,soft,1,1,-0.015614867,human-human,TED_004,narration,Luiza vs Sara,14.0,1.0,,,,,,,,,,,
narration,standard,1,2,0.061982036,human-human,TED_004,narration,Luiza vs Sara,14.0,1.0,,,,,,,,,,,
narration,soft,1,2,0.061982036,human-human,TED_004,narration,Luiza vs Sara,14.0,1.0,,,,,,,,,,,
narration,standard,1,1,0.08936185,human-human,TED_005,narration,Luiza vs Sara,18.0,3.0,,,,,,,,,,,
narration,soft,1,1,0.19972754,human-human,TED_005,narration,Luiza vs Sara,18.0,3.0,,,,,,,,,,,
narration,standard,1,2,0.14774764,human-human,TED_005,narration,Luiza vs Sara,18.0,3.0,,,,,,,,,,,
narration,soft,1,2,0.25206596,human-human,TED_005,narration,Luiza vs Sara,18.0,3.0,,,,,,,,,,,
narration,standard,1,1,-0.1911664,human-human,TED_006,narration,Luiza vs Sara,9.0,1.0,,,,,,,,,,,
narration,soft,1,1,-0.20337665,human-human,TED_006,narration,Luiza vs Sara,9.0,1.0,,,,,,,,,,,
narration,standard,1,2,-0.013316274,human-human,TED_006,narration,Luiza vs Sara,9.0,1.0,,,,,,,,,,,
narration,soft,1,2,-0.024085522,human-human,TED_006,narration,Luiza vs Sara,9.0,1.0,,,,,,,,,,,
narration,standard,1,1,-1.4399116,human-human,TED_007,narration,Luiza vs Sara,1.0,0.0,,,,,,,,,,,
narration,soft,1,1,-1.4399116,human-human,TED_007,narration,Luiza vs Sara,1.0,0.0,,,,,,,,,,,
narration,standard,1,2,-0.6601069,human-human,TED_007,narration,Luiza vs Sara,1.0,0.0,,,,,,,,,,,
narration,soft,1,2,-0.6601069,human-human,TED_007,narration,Luiza vs Sara,1.0,0.0,,,,,,,,,,,
narration,standard,1,1,-0.17602324,human-human,TED_008,narration,Luiza vs Sara,15.0,2.0,,,,,,,,,,,
narration,soft,1,1,-0.19449675,human-human,TED_008,narration,Luiza vs Sara,15.0,2.0,,,,,,,,,,,
narration,standard,1,2,-0.18801463,human-human,TED_008,narration,Luiza vs Sara,15.0,2.0,,,,,,,,,,,
narration,soft,1,2,-0.20626843,human-human,TED_008,narration,Luiza vs Sara,15.0,2.0,,,,,,,,,,,
narration,standard,1,1,0.30876517,human-human,TED_010,narration,Luiza vs Sara,23.0,9.0,,,,,,,,,,,
narration,soft,1,1,0.5011141,human-human,TED_010,narration,Luiza vs Sara,23.0,9.0,,,,,,,,,,,
narration,standard,1,2,0.39718938,human-human,TED_010,narration,Luiza vs Sara,23.0,9.0,,,,,,,,,,,
narration,soft,1,2,0.56420827,human-human,TED_010,narration,Luiza vs Sara,23.0,9.0,,,,,,,,,,,
narration,standard,1,1,0.31779164,human-human,TED_011,narration,Luiza vs Sara,14.0,7.0,,,,,,,,,,,
narration,soft,1,1,0.4392342,human-human,TED_011,narration,Luiza vs Sara,14.0,7.0,,,,,,,,,,,
narration,standard,1,2,0.40004432,human-human,TED_011,narration,Luiza vs Sara,14.0,7.0,,,,,,,,,,,
narration,soft,1,2,0.48286134,human-human,TED_011,narration,Luiza vs Sara,14.0,7.0,,,,,,,,,,,
narration,standard,1,1,0.39218813,human-human,TED_012,narration,Luiza vs Sara,20.0,12.0,,,,,,,,,,,
narration,soft,1,1,0.50696707,human-human,TED_012,narration,Luiza vs Sara,20.0,12.0,,,,,,,,,,,
narration,standard,1,2,0.43578184,human-human,TED_012,narration,Luiza vs Sara,20.0,12.0,,,,,,,,,,,
narration,soft,1,2,0.52790815,human-human,TED_012,narration,Luiza vs Sara,20.0,12.0,,,,,,,,,,,
narration,standard,1,1,-0.03575778,human-human,TED_015,narration,Luiza vs Sara,18.0,2.0,,,,,,,,,,,
narration,soft,1,1,-0.03807628,human-human,TED_015,narration,Luiza vs Sara,18.0,2.0,,,,,,,,,,,
narration,standard,1,2,-0.051415563,human-human,TED_015,narration,Luiza vs Sara,18.0,2.0,,,,,,,,,,,
narration,soft,1,2,-0.053736925,human-human,TED_015,narration,Luiza vs Sara,18.0,2.0,,,,,,,,,,,
narration,standard,1,1,0.36049247,human-human,TED_016,narration,Luiza vs Sara,13.0,7.0,,,,,,,,,,,
narration,soft,1,1,0.54554856,human-human,TED_016,narration,Luiza vs Sara,13.0,7.0,,,,,,,,,,,
narration,standard,1,2,0.37181592,human-human,TED_016,narration,Luiza vs Sara,13.0,7.0,,,,,,,,,,,
narration,soft,1,2,0.5536724,human-human,TED_016,narration,Luiza vs Sara,13.0,7.0,,,,,,,,,,,
narration,standard,1,1,0.22245932,human-human,TED_017,narration,Luiza vs Sara,29.0,21.0,,,,,,,,,,,
narration,soft,1,1,0.28158307,human-human,TED_017,narration,Luiza vs Sara,29.0,21.0,,,,,,,,,,,
narration,standard,1,2,0.2677248,human-human,TED_017,narration,Luiza vs Sara,29.0,21.0,,,,,,,,,,,
narration,soft,1,2,0.31747925,human-human,TED_017,narration,Luiza vs Sara,29.0,21.0,,,,,,,,,,,
narration,standard,1,1,0.10759765,human-human,TED_018,narration,Luiza vs Sara,31.0,11.0,,,,,,,,,,,
narration,soft,1,1,0.18187785,human-human,TED_018,narration,Luiza vs Sara,31.0,11.0,,,,,,,,,,,
narration,standard,1,2,0.094665825,human-human,TED_018,narration,Luiza vs Sara,31.0,11.0,,,,,,,,,,,
narration,soft,1,2,0.1589368,human-human,TED_018,narration,Luiza vs Sara,31.0,11.0,,,,,,,,,,,
narration,standard,1,1,0.34127706,human-human,TED_019,narration,Luiza vs Sara,18.0,10.0,,,,,,,,,,,
narration,soft,1,1,0.4120713,human-human,TED_019,narration,Luiza vs Sara,18.0,10.0,,,,,,,,,,,
narration,standard,1,2,0.3682806,human-human,TED_019,narration,Luiza vs Sara,18.0,10.0,,,,,,,,,,,
narration,soft,1,2,0.44782728,human-human,TED_019,narration,Luiza vs Sara,18.0,10.0,,,,,,,,,,,
narration,standard,1,1,-0.050608635,human-human,TED_020,narration,Luiza vs Sara,23.0,5.0,,,,,,,,,,,
narration,soft,1,1,-0.053332567,human-human,TED_020,narration,Luiza vs Sara,23.0,5.0,,,,,,,,,,,
narration,standard,1,2,-0.018881679,human-human,TED_020,narration,Luiza vs Sara,23.0,5.0,,,,,,,,,,,
narration,soft,1,2,-0.021908402,human-human,TED_020,narration,Luiza vs Sara,23.0,5.0,,,,,,,,,,,
narration,standard,1,1,0.39020562,model-human,TED_001,narration,Mistral vs Luiza,,,Luiza,Mistral,10.0,5.0,,,,,,,
narration,soft,1,1,0.49665147,model-human,TED_001,narration,Mistral vs Luiza,,,Luiza,Mistral,10.0,5.0,,,,,,,
narration,standard,1,2,0.47825998,model-human,TED_001,narration,Mistral vs Luiza,,,Luiza,Mistral,10.0,5.0,,,,,,,
narration,soft,1,2,0.5662552,model-human,TED_001,narration,Mistral vs Luiza,,,Luiza,Mistral,10.0,5.0,,,,,,,
narration,standard,1,1,0.1413573,model-human,TED_001,narration,Mistral vs Sara,,,Sara,Mistral,4.0,5.0,,,,,,,
narration,soft,1,1,0.29419512,model-human,TED_001,narration,Mistral vs Sara,,,Sara,Mistral,4.0,5.0,,,,,,,
narration,standard,1,2,0.32374686,model-human,TED_001,narration,Mistral vs Sara,,,Sara,Mistral,4.0,5.0,,,,,,,
narration,soft,1,2,0.30078822,model-human,TED_001,narration,Mistral vs Sara,,,Sara,Mistral,4.0,5.0,,,,,,,
narration,standard,1,1,0.556581,model-human,TED_001,narration,Qwen vs Luiza,,,Luiza,Qwen,10.0,7.0,,,,,,,
narration,soft,1,1,0.6310952,model-human,TED_001,narration,Qwen vs Luiza,,,Luiza,Qwen,10.0,7.0,,,,,,,
narration,standard,1,2,0.6271639,model-human,TED_001,narration,Qwen vs Luiza,,,Luiza,Qwen,10.0,7.0,,,,,,,
narration,soft,1,2,0.6807736,model-human,TED_001,narration,Qwen vs Luiza,,,Luiza,Qwen,10.0,7.0,,,,,,,
narration,standard,1,1,0.34422398,model-human,TED_001,narration,Qwen vs Sara,,,Sara,Qwen,4.0,7.0,,,,,,,
narration,soft,1,1,0.54330146,model-human,TED_001,narration,Qwen vs Sara,,,Sara,Qwen,4.0,7.0,,,,,,,
narration,standard,1,2,0.44309682,model-human,TED_001,narration,Qwen vs Sara,,,Sara,Qwen,4.0,7.0,,,,,,,
narration,soft,1,2,0.51098585,model-human,TED_001,narration,Qwen vs Sara,,,Sara,Qwen,4.0,7.0,,,,,,,
narration,standard,1,1,0.61383164,model-human,TED_001,narration,Gemma vs Luiza,,,Luiza,Gemma,10.0,8.0,,,,,,,
narration,soft,1,1,0.6782915,model-human,TED_001,narration,Gemma vs Luiza,,,Luiza,Gemma,10.0,8.0,,,,,,,
narration,standard,1,2,0.647228,model-human,TED_001,narration,Gemma vs Luiza,,,Luiza,Gemma,10.0,8.0,,,,,,,
narration,soft,1,2,0.69672894,model-human,TED_001,narration,Gemma vs Luiza,,,Luiza,Gemma,10.0,8.0,,,,,,,
narration,standard,1,1,0.14089483,model-human,TED_001,narration,Gemma vs Sara,,,Sara,Gemma,4.0,8.0,,,,,,,
narration,soft,1,1,0.37250334,model-human,TED_001,narration,Gemma vs Sara,,,Sara,Gemma,4.0,8.0,,,,,,,
narration,standard,1,2,0.26650745,model-human,TED_001,narration,Gemma vs Sara,,,Sara,Gemma,4.0,8.0,,,,,,,
narration,soft,1,2,0.37792277,model-human,TED_001,narration,Gemma vs Sara,,,Sara,Gemma,4.0,8.0,,,,,,,
narration,standard,1,1,0.30902243,model-human,TED_002,narration,Mistral vs Luiza,,,Luiza,Mistral,10.0,6.0,,,,,,,
narration,soft,1,1,0.3672015,model-human,TED_002,narration,Mistral vs Luiza,,,Luiza,Mistral,10.0,6.0,,,,,,,
narration,standard,1,2,0.40279204,model-human,TED_002,narration,Mistral vs Luiza,,,Luiza,Mistral,10.0,6.0,,,,,,,
narration,soft,1,2,0.44477683,model-human,TED_002,narration,Mistral vs Luiza,,,Luiza,Mistral,10.0,6.0,,,,,,,
narration,standard,1,1,0.37716788,model-human,TED_002,narration,Mistral vs Sara,,,Sara,Mistral,7.0,6.0,,,,,,,
narration,soft,1,1,0.44712114,model-human,TED_002,narration,Mistral vs Sara,,,Sara,Mistral,7.0,6.0,,,,,,,
narration,standard,1,2,0.46017385,model-human,TED_002,narration,Mistral vs Sara,,,Sara,Mistral,7.0,6.0,,,,,,,
narration,soft,1,2,0.52298915,model-human,TED_002,narration,Mistral vs Sara,,,Sara,Mistral,7.0,6.0,,,,,,,
narration,standard,1,1,0.4792254,model-human,TED_002,narration,Qwen vs Luiza,,,Luiza,Qwen,10.0,8.0,,,,,,,
narration,soft,1,1,0.54869795,model-human,TED_002,narration,Qwen vs Luiza,,,Luiza,Qwen,10.0,8.0,,,,,,,
narration,standard,1,2,0.5172167,model-human,TED_002,narration,Qwen vs Luiza,,,Luiza,Qwen,10.0,8.0,,,,,,,
narration,soft,1,2,0.5700277,model-human,TED_002,narration,Qwen vs Luiza,,,Luiza,Qwen,10.0,8.0,,,,,,,
narration,standard,1,1,0.5226159,model-human,TED_002,narration,Qwen vs Sara,,,Sara,Qwen,7.0,8.0,,,,,,,
narration,soft,1,1,0.59939504,model-human,TED_002,narration,Qwen vs Sara,,,Sara,Qwen,7.0,8.0,,,,,,,
narration,standard,1,2,0.5952029,model-human,TED_002,narration,Qwen vs Sara,,,Sara,Qwen,7.0,8.0,,,,,,,
narration,soft,1,2,0.65883136,model-human,TED_002,narration,Qwen vs Sara,,,Sara,Qwen,7.0,8.0,,,,,,,
narration,standard,1,1,0.31465316,model-human,TED_002,narration,Gemma vs Luiza,,,Luiza,Gemma,10.0,7.0,,,,,,,
narration,soft,1,1,0.3771544,model-human,TED_002,narration,Gemma vs Luiza,,,Luiza,Gemma,10.0,7.0,,,,,,,
narration,standard,1,2,0.41409045,model-human,TED_002,narration,Gemma vs Luiza,,,Luiza,Gemma,10.0,7.0,,,,,,,
narration,soft,1,2,0.46606714,model-human,TED_002,narration,Gemma vs Luiza,,,Luiza,Gemma,10.0,7.0,,,,,,,
narration,standard,1,1,0.2170229,model-human,TED_002,narration,Gemma vs Sara,,,Sara,Gemma,7.0,7.0,,,,,,,
narration,soft,1,1,0.35589224,model-human,TED_002,narration,Gemma vs Sara,,,Sara,Gemma,7.0,7.0,,,,,,,
narration,standard,1,2,0.3366558,model-human,TED_002,narration,Gemma vs Sara,,,Sara,Gemma,7.0,7.0,,,,,,,
narration,soft,1,2,0.45202816,model-human,TED_002,narration,Gemma vs Sara,,,Sara,Gemma,7.0,7.0,,,,,,,
narration,standard,1,1,-0.23705447,model-human,TED_004,narration,Mistral vs Luiza,,,Luiza,Mistral,14.0,1.0,,,,,,,
narration,soft,1,1,-0.18043637,model-human,TED_004,narration,Mistral vs Luiza,,,Luiza,Mistral,14.0,1.0,,,,,,,
narration,standard,1,2,-0.09067738,model-human,TED_004,narration,Mistral vs Luiza,,,Luiza,Mistral,14.0,1.0,,,,,,,
narration,soft,1,2,-0.04184687,model-human,TED_004,narration,Mistral vs Luiza,,,Luiza,Mistral,14.0,1.0,,,,,,,
narration,standard,1,1,-0.9595543,model-human,TED_004,narration,Mistral vs Sara,,,Sara,Mistral,1.0,1.0,,,,,,,
narration,soft,1,1,-0.9595543,model-human,TED_004,narration,Mistral vs Sara,,,Sara,Mistral,1.0,1.0,,,,,,,
narration,standard,1,2,-0.53118885,model-human,TED_004,narration,Mistral vs Sara,,,Sara,Mistral,1.0,1.0,,,,,,,
narration,soft,1,2,-0.53118885,model-human,TED_004,narration,Mistral vs Sara,,,Sara,Mistral,1.0,1.0,,,,,,,
narration,standard,1,1,0.0029367208,model-human,TED_004,narration,Qwen vs Luiza,,,Luiza,Qwen,14.0,3.0,,,,,,,
narration,soft,1,1,0.09820366,model-human,TED_004,narration,Qwen vs Luiza,,,Luiza,Qwen,14.0,3.0,,,,,,,
narration,standard,1,2,0.11682528,model-human,TED_004,narration,Qwen vs Luiza,,,Luiza,Qwen,14.0,3.0,,,,,,,
narration,soft,1,2,0.20010519,model-human,TED_004,narration,Qwen vs Luiza,,,Luiza,Qwen,14.0,3.0,,,,,,,
narration,standard,1,1,-0.37949872,model-human,TED_004,narration,Qwen vs Sara,,,Sara,Qwen,1.0,3.0,,,,,,,
narration,soft,1,1,-0.38114548,model-human,TED_004,narration,Qwen vs Sara,,,Sara,Qwen,1.0,3.0,,,,,,,
narration,standard,1,2,-0.23470771,model-human,TED_004,narration,Qwen vs Sara,,,Sara,Qwen,1.0,3.0,,,,,,,
narration,soft,1,2,-0.23597002,model-human,TED_004,narration,Qwen vs Sara,,,Sara,Qwen,1.0,3.0,,,,,,,
narration,standard,1,1,0.23351616,model-human,TED_004,narration,Gemma vs Luiza,,,Luiza,Gemma,14.0,6.0,,,,,,,
narration,soft,1,1,0.2611056,model-human,TED_004,narration,Gemma vs Luiza,,,Luiza,Gemma,14.0,6.0,,,,,,,
narration,standard,1,2,0.3067159,model-human,TED_004,narration,Gemma vs Luiza,,,Luiza,Gemma,14.0,6.0,,,,,,,
narration,soft,1,2,0.330014,model-human,TED_004,narration,Gemma vs Luiza,,,Luiza,Gemma,14.0,6.0,,,,,,,
narration,standard,1,1,0.061209142,model-human,TED_004,narration,Gemma vs Sara,,,Sara,Gemma,1.0,6.0,,,,,,,
narration,soft,1,1,0.057097554,model-human,TED_004,narration,Gemma vs Sara,,,Sara,Gemma,1.0,6.0,,,,,,,
narration,standard,1,2,0.09822571,model-human,TED_004,narration,Gemma vs Sara,,,Sara,Gemma,1.0,6.0,,,,,,,
narration,soft,1,2,0.09321946,model-human,TED_004,narration,Gemma vs Sara,,,Sara,Gemma,1.0,6.0,,,,,,,
narration,standard,1,1,0.11963612,model-human,TED_005,narration,Mistral vs Luiza,,,Luiza,Mistral,18.0,6.0,,,,,,,
narration,soft,1,1,0.18322152,model-human,TED_005,narration,Mistral vs Luiza,,,Luiza,Mistral,18.0,6.0,,,,,,,
narration,standard,1,2,0.21136576,model-human,TED_005,narration,Mistral vs Luiza,,,Luiza,Mistral,18.0,6.0,,,,,,,
narration,soft,1,2,0.2658028,model-human,TED_005,narration,Mistral vs Luiza,,,Luiza,Mistral,18.0,6.0,,,,,,,
narration,standard,1,1,0.32292414,model-human,TED_005,narration,Mistral vs Sara,,,Sara,Mistral,3.0,6.0,,,,,,,
narration,soft,1,1,0.31161433,model-human,TED_005,narration,Mistral vs Sara,,,Sara,Mistral,3.0,6.0,,,,,,,
narration,standard,1,2,0.22391486,model-human,TED_005,narration,Mistral vs Sara,,,Sara,Mistral,3.0,6.0,,,,,,,
narration,soft,1,2,0.21219599,model-human,TED_005,narration,Mistral vs Sara,,,Sara,Mistral,3.0,6.0,,,,,,,
narration,standard,1,1,0.16772443,model-human,TED_005,narration,Qwen vs Luiza,,,Luiza,Qwen,18.0,7.0,,,,,,,
narration,soft,1,1,0.2325775,model-human,TED_005,narration,Qwen vs Luiza,,,Luiza,Qwen,18.0,7.0,,,,,,,
narration,standard,1,2,0.26808882,model-human,TED_005,narration,Qwen vs Luiza,,,Luiza,Qwen,18.0,7.0,,,,,,,
narration,soft,1,2,0.32028633,model-human,TED_005,narration,Qwen vs Luiza,,,Luiza,Qwen,18.0,7.0,,,,,,,
narration,standard,1,1,0.28173506,model-human,TED_005,narration,Qwen vs Sara,,,Sara,Qwen,3.0,7.0,,,,,,,
narration,soft,1,1,0.27154398,model-human,TED_005,narration,Qwen vs Sara,,,Sara,Qwen,3.0,7.0,,,,,,,
narration,standard,1,2,0.20422447,model-human,TED_005,narration,Qwen vs Sara,,,Sara,Qwen,3.0,7.0,,,,,,,
narration,soft,1,2,0.19526792,model-human,TED_005,narration,Qwen vs Sara,,,Sara,Qwen,3.0,7.0,,,,,,,
narration,standard,1,1,0.2821445,model-human,TED_005,narration,Gemma vs Luiza,,,Luiza,Gemma,18.0,8.0,,,,,,,
narration,soft,1,1,0.33358967,model-human,TED_005,narration,Gemma vs Luiza,,,Luiza,Gemma,18.0,8.0,,,,,,,
narration,standard,1,2,0.33203858,model-human,TED_005,narration,Gemma vs Luiza,,,Luiza,Gemma,18.0,8.0,,,,,,,
narration,soft,1,2,0.417719,model-human,TED_005,narration,Gemma vs Luiza,,,Luiza,Gemma,18.0,8.0,,,,,,,
narration,standard,1,1,0.39755684,model-human,TED_005,narration,Gemma vs Sara,,,Sara,Gemma,3.0,8.0,,,,,,,
narration,soft,1,1,0.39076835,model-human,TED_005,narration,Gemma vs Sara,,,Sara,Gemma,3.0,8.0,,,,,,,
narration,standard,1,2,0.44374442,model-human,TED_005,narration,Gemma vs Sara,,,Sara,Gemma,3.0,8.0,,,,,,,
narration,soft,1,2,0.43796188,model-human,TED_005,narration,Gemma vs Sara,,,Sara,Gemma,3.0,8.0,,,,,,,
narration,standard,1,1,0.5806688,model-human,TED_006,narration,Mistral vs Luiza,,,Luiza,Mistral,9.0,8.0,,,,,,,
narration,soft,1,1,0.7332859,model-human,TED_006,narration,Mistral vs Luiza,,,Luiza,Mistral,9.0,8.0,,,,,,,
narration,standard,1,2,0.6773119,model-human,TED_006,narration,Mistral vs Luiza,,,Luiza,Mistral,9.0,8.0,,,,,,,
narration,soft,1,2,0.79364455,model-human,TED_006,narration,Mistral vs Luiza,,,Luiza,Mistral,9.0,8.0,,,,,,,
narration,standard,1,1,-0.06082809,model-human,TED_006,narration,Mistral vs Sara,,,Sara,Mistral,1.0,8.0,,,,,,,
narration,soft,1,1,-0.06796193,model-human,TED_006,narration,Mistral vs Sara,,,Sara,Mistral,1.0,8.0,,,,,,,
narration,standard,1,2,0.088466585,model-human,TED_006,narration,Mistral vs Sara,,,Sara,Mistral,1.0,8.0,,,,,,,
narration,soft,1,2,0.080429435,model-human,TED_006,narration,Mistral vs Sara,,,Sara,Mistral,1.0,8.0,,,,,,,
narration,standard,1,1,0.2622738,model-human,TED_006,narration,Qwen vs Luiza,,,Luiza,Qwen,9.0,4.0,,,,,,,
narration,soft,1,1,0.44838905,model-human,TED_006,narration,Qwen vs Luiza,,,Luiza,Qwen,9.0,4.0,,,,,,,
narration,standard,1,2,0.3537435,model-human,TED_006,narration,Qwen vs Luiza,,,Luiza,Qwen,9.0,4.0,,,,,,,
narration,soft,1,2,0.51042014,model-human,TED_006,narration,Qwen vs Luiza,,,Luiza,Qwen,9.0,4.0,,,,,,,
narration,standard,1,1,0.14024132,model-human,TED_006,narration,Qwen vs Sara,,,Sara,Qwen,1.0,4.0,,,,,,,
narration,soft,1,1,0.12737066,model-human,TED_006,narration,Qwen vs Sara,,,Sara,Qwen,1.0,4.0,,,,,,,
narration,standard,1,2,0.2580015,model-human,TED_006,narration,Qwen vs Sara,,,Sara,Qwen,1.0,4.0,,,,,,,
narration,soft,1,2,0.24607795,model-human,TED_006,narration,Qwen vs Sara,,,Sara,Qwen,1.0,4.0,,,,,,,
narration,standard,1,1,0.39618993,model-human,TED_006,narration,Gemma vs Luiza,,,Luiza,Gemma,9.0,10.0,,,,,,,
narration,soft,1,1,0.5670893,model-human,TED_006,narration,Gemma vs Luiza,,,Luiza,Gemma,9.0,10.0,,,,,,,
narration,standard,1,2,0.52340597,model-human,TED_006,narration,Gemma vs Luiza,,,Luiza,Gemma,9.0,10.0,,,,,,,
narration,soft,1,2,0.65862787,model-human,TED_006,narration,Gemma vs Luiza,,,Luiza,Gemma,9.0,10.0,,,,,,,
narration,standard,1,1,-0.14915752,model-human,TED_006,narration,Gemma vs Sara,,,Sara,Gemma,1.0,10.0,,,,,,,
narration,soft,1,1,-0.15247107,model-human,TED_006,narration,Gemma vs Sara,,,Sara,Gemma,1.0,10.0,,,,,,,
narration,standard,1,2,0.0010730624,model-human,TED_006,narration,Gemma vs Sara,,,Sara,Gemma,1.0,10.0,,,,,,,
narration,soft,1,2,-0.0019292831,model-human,TED_006,narration,Gemma vs Sara,,,Sara,Gemma,1.0,10.0,,,,,,,
narration,standard,1,1,-0.14094031,model-human,TED_007,narration,Mistral vs Luiza,,,Luiza,Mistral,1.0,1.0,,,,,,,
narration,soft,1,1,-0.14094031,model-human,TED_007,narration,Mistral vs Luiza,,,Luiza,Mistral,1.0,1.0,,,,,,,
narration,standard,1,2,-0.07120597,model-human,TED_007,narration,Mistral vs Luiza,,,Luiza,Mistral,1.0,1.0,,,,,,,
narration,soft,1,2,-0.07120597,model-human,TED_007,narration,Mistral vs Luiza,,,Luiza,Mistral,1.0,1.0,,,,,,,
narration,standard,1,1,-0.11498141,model-human,TED_007,narration,Mistral vs Sara,,,Sara,Mistral,0.0,1.0,,,,,,,
narration,soft,1,1,-0.11498141,model-human,TED_007,narration,Mistral vs Sara,,,Sara,Mistral,0.0,1.0,,,,,,,
narration,standard,1,2,-0.06420398,model-human,TED_007,narration,Mistral vs Sara,,,Sara,Mistral,0.0,1.0,,,,,,,
narration,soft,1,2,-0.06420398,model-human,TED_007,narration,Mistral vs Sara,,,Sara,Mistral,0.0,1.0,,,,,,,
narration,standard,1,1,0.14428872,model-human,TED_007,narration,Qwen vs Luiza,,,Luiza,Qwen,1.0,5.0,,,,,,,
narration,soft,1,1,0.13798779,model-human,TED_007,narration,Qwen vs Luiza,,,Luiza,Qwen,1.0,5.0,,,,,,,
narration,standard,1,2,0.25191355,model-human,TED_007,narration,Qwen vs Luiza,,,Luiza,Qwen,1.0,5.0,,,,,,,
narration,soft,1,2,0.24509597,model-human,TED_007,narration,Qwen vs Luiza,,,Luiza,Qwen,1.0,5.0,,,,,,,
narration,standard,1,1,-0.19079208,model-human,TED_007,narration,Qwen vs Sara,,,Sara,Qwen,0.0,5.0,,,,,,,
narration,soft,1,1,-0.19409561,model-human,TED_007,narration,Qwen vs Sara,,,Sara,Qwen,0.0,5.0,,,,,,,
narration,standard,1,2,-0.06306648,model-human,TED_007,narration,Qwen vs Sara,,,Sara,Qwen,0.0,5.0,,,,,,,
narration,soft,1,2,-0.06569433,model-human,TED_007,narration,Qwen vs Sara,,,Sara,Qwen,0.0,5.0,,,,,,,
narration,standard,1,1,0.17701167,model-human,TED_007,narration,Gemma vs Luiza,,,Luiza,Gemma,1.0,5.0,,,,,,,
narration,soft,1,1,0.17664874,model-human,TED_007,narration,Gemma vs Luiza,,,Luiza,Gemma,1.0,5.0,,,,,,,
narration,standard,1,2,0.25706154,model-human,TED_007,narration,Gemma vs Luiza,,,Luiza,Gemma,1.0,5.0,,,,,,,
narration,soft,1,2,0.25486904,model-human,TED_007,narration,Gemma vs Luiza,,,Luiza,Gemma,1.0,5.0,,,,,,,
narration,standard,1,1,-0.16925812,model-human,TED_007,narration,Gemma vs Sara,,,Sara,Gemma,0.0,5.0,,,,,,,
narration,soft,1,1,-0.17019677,model-human,TED_007,narration,Gemma vs Sara,,,Sara,Gemma,0.0,5.0,,,,,,,
narration,standard,1,2,-0.074780345,model-human,TED_007,narration,Gemma vs Sara,,,Sara,Gemma,0.0,5.0,,,,,,,
narration,soft,1,2,-0.07557213,model-human,TED_007,narration,Gemma vs Sara,,,Sara,Gemma,0.0,5.0,,,,,,,
narration,standard,1,1,-0.41412115,model-human,TED_008,narration,Mistral vs Luiza,,,Luiza,Mistral,15.0,0.0,,,,,,,
narration,soft,1,1,-0.43710363,model-human,TED_008,narration,Mistral vs Luiza,,,Luiza,Mistral,15.0,0.0,,,,,,,
narration,standard,1,2,-0.3067342,model-human,TED_008,narration,Mistral vs Luiza,,,Luiza,Mistral,15.0,0.0,,,,,,,
narration,soft,1,2,-0.330572,model-human,TED_008,narration,Mistral vs Luiza,,,Luiza,Mistral,15.0,0.0,,,,,,,
narration,standard,1,1,-0.76065016,model-human,TED_008,narration,Mistral vs Sara,,,Sara,Mistral,2.0,0.0,,,,,,,
narration,soft,1,1,-0.76178575,model-human,TED_008,narration,Mistral vs Sara,,,Sara,Mistral,2.0,0.0,,,,,,,
narration,standard,1,2,-0.6384523,model-human,TED_008,narration,Mistral vs Sara,,,Sara,Mistral,2.0,0.0,,,,,,,
narration,soft,1,2,-0.6394355,model-human,TED_008,narration,Mistral vs Sara,,,Sara,Mistral,2.0,0.0,,,,,,,
narration,standard,1,1,0.11276728,model-human,TED_008,narration,Qwen vs Luiza,,,Luiza,Qwen,15.0,5.0,,,,,,,
narration,soft,1,1,0.47757453,model-human,TED_008,narration,Qwen vs Luiza,,,Luiza,Qwen,15.0,5.0,,,,,,,
narration,standard,1,2,0.14580101,model-human,TED_008,narration,Qwen vs Luiza,,,Luiza,Qwen,15.0,5.0,,,,,,,
narration,soft,1,2,0.46293682,model-human,TED_008,narration,Qwen vs Luiza,,,Luiza,Qwen,15.0,5.0,,,,,,,
narration,standard,1,1,-0.03871751,model-human,TED_008,narration,Qwen vs Sara,,,Sara,Qwen,2.0,5.0,,,,,,,
narration,soft,1,1,-0.046929717,model-human,TED_008,narration,Qwen vs Sara,,,Sara,Qwen,2.0,5.0,,,,,,,
narration,standard,1,2,-0.17462611,model-human,TED_008,narration,Qwen vs Sara,,,Sara,Qwen,2.0,5.0,,,,,,,
narration,soft,1,2,-0.18211615,model-human,TED_008,narration,Qwen vs Sara,,,Sara,Qwen,2.0,5.0,,,,,,,
narration,standard,1,1,0.17873293,model-human,TED_008,narration,Gemma vs Luiza,,,Luiza,Gemma,15.0,5.0,,,,,,,
narration,soft,1,1,0.43882507,model-human,TED_008,narration,Gemma vs Luiza,,,Luiza,Gemma,15.0,5.0,,,,,,,
narration,standard,1,2,0.259834,model-human,TED_008,narration,Gemma vs Luiza,,,Luiza,Gemma,15.0,5.0,,,,,,,
narration,soft,1,2,0.49343997,model-human,TED_008,narration,Gemma vs Luiza,,,Luiza,Gemma,15.0,5.0,,,,,,,
narration,standard,1,1,-0.20662451,model-human,TED_008,narration,Gemma vs Sara,,,Sara,Gemma,2.0,5.0,,,,,,,
narration,soft,1,1,-0.22643673,model-human,TED_008,narration,Gemma vs Sara,,,Sara,Gemma,2.0,5.0,,,,,,,
narration,standard,1,2,-0.39587116,model-human,TED_008,narration,Gemma vs Sara,,,Sara,Gemma,2.0,5.0,,,,,,,
narration,soft,1,2,-0.41669703,model-human,TED_008,narration,Gemma vs Sara,,,Sara,Gemma,2.0,5.0,,,,,,,
narration,standard,1,1,0.011977494,model-human,TED_010,narration,Mistral vs Luiza,,,Luiza,Mistral,23.0,5.0,,,,,,,
narration,soft,1,1,0.11151147,model-human,TED_010,narration,Mistral vs Luiza,,,Luiza,Mistral,23.0,5.0,,,,,,,
narration,standard,1,2,0.10947716,model-human,TED_010,narration,Mistral vs Luiza,,,Luiza,Mistral,23.0,5.0,,,,,,,
narration,soft,1,2,0.19665533,model-human,TED_010,narration,Mistral vs Luiza,,,Luiza,Mistral,23.0,5.0,,,,,,,
narration,standard,1,1,0.14290261,model-human,TED_010,narration,Mistral vs Sara,,,Sara,Mistral,9.0,5.0,,,,,,,
narration,soft,1,1,0.26021057,model-human,TED_010,narration,Mistral vs Sara,,,Sara,Mistral,9.0,5.0,,,,,,,
narration,standard,1,2,0.2631091,model-human,TED_010,narration,Mistral vs Sara,,,Sara,Mistral,9.0,5.0,,,,,,,
narration,soft,1,2,0.3591153,model-human,TED_010,narration,Mistral vs Sara,,,Sara,Mistral,9.0,5.0,,,,,,,
narration,standard,1,1,0.13172603,model-human,TED_010,narration,Qwen vs Luiza,,,Luiza,Qwen,23.0,8.0,,,,,,,
narration,soft,1,1,0.22825325,model-human,TED_010,narration,Qwen vs Luiza,,,Luiza,Qwen,23.0,8.0,,,,,,,
narration,standard,1,2,0.16239691,model-human,TED_010,narration,Qwen vs Luiza,,,Luiza,Qwen,23.0,8.0,,,,,,,
narration,soft,1,2,0.24383682,model-human,TED_010,narration,Qwen vs Luiza,,,Luiza,Qwen,23.0,8.0,,,,,,,
narration,standard,1,1,0.35578448,model-human,TED_010,narration,Qwen vs Sara,,,Sara,Qwen,9.0,8.0,,,,,,,
narration,soft,1,1,0.45158798,model-human,TED_010,narration,Qwen vs Sara,,,Sara,Qwen,9.0,8.0,,,,,,,
narration,standard,1,2,0.3020655,model-human,TED_010,narration,Qwen vs Sara,,,Sara,Qwen,9.0,8.0,,,,,,,
narration,soft,1,2,0.36570293,model-human,TED_010,narration,Qwen vs Sara,,,Sara,Qwen,9.0,8.0,,,,,,,
narration,standard,1,1,0.15591162,model-human,TED_010,narration,Gemma vs Luiza,,,Luiza,Gemma,23.0,5.0,,,,,,,
narration,soft,1,1,0.16621673,model-human,TED_010,narration,Gemma vs Luiza,,,Luiza,Gemma,23.0,5.0,,,,,,,
narration,standard,1,2,0.196904,model-human,TED_010,narration,Gemma vs Luiza,,,Luiza,Gemma,23.0,5.0,,,,,,,
narration,soft,1,2,0.20598412,model-human,TED_010,narration,Gemma vs Luiza,,,Luiza,Gemma,23.0,5.0,,,,,,,
narration,standard,1,1,0.26471138,model-human,TED_010,narration,Gemma vs Sara,,,Sara,Gemma,9.0,5.0,,,,,,,
narration,soft,1,1,0.2710421,model-human,TED_010,narration,Gemma vs Sara,,,Sara,Gemma,9.0,5.0,,,,,,,
narration,standard,1,2,0.319448,model-human,TED_010,narration,Gemma vs Sara,,,Sara,Gemma,9.0,5.0,,,,,,,
narration,soft,1,2,0.3248871,model-human,TED_010,narration,Gemma vs Sara,,,Sara,Gemma,9.0,5.0,,,,,,,
narration,standard,1,1,0.10817027,model-human,TED_011,narration,Mistral vs Luiza,,,Luiza,Mistral,14.0,5.0,,,,,,,
narration,soft,1,1,0.106046796,model-human,TED_011,narration,Mistral vs Luiza,,,Luiza,Mistral,14.0,5.0,,,,,,,
narration,standard,1,2,0.11356908,model-human,TED_011,narration,Mistral vs Luiza,,,Luiza,Mistral,14.0,5.0,,,,,,,
narration,soft,1,2,0.1115188,model-human,TED_011,narration,Mistral vs Luiza,,,Luiza,Mistral,14.0,5.0,,,,,,,
narration,standard,1,1,-0.12741983,model-human,TED_011,narration,Mistral vs Sara,,,Sara,Mistral,7.0,5.0,,,,,,,
narration,soft,1,1,-0.13500404,model-human,TED_011,narration,Mistral vs Sara,,,Sara,Mistral,7.0,5.0,,,,,,,
narration,standard,1,2,-0.018926859,model-human,TED_011,narration,Mistral vs Sara,,,Sara,Mistral,7.0,5.0,,,,,,,
narration,soft,1,2,-0.025143623,model-human,TED_011,narration,Mistral vs Sara,,,Sara,Mistral,7.0,5.0,,,,,,,
narration,standard,1,1,0.1654802,model-human,TED_011,narration,Qwen vs Luiza,,,Luiza,Qwen,14.0,7.0,,,,,,,
narration,soft,1,1,0.19459087,model-human,TED_011,narration,Qwen vs Luiza,,,Luiza,Qwen,14.0,7.0,,,,,,,
narration,standard,1,2,0.16307294,model-human,TED_011,narration,Qwen vs Luiza,,,Luiza,Qwen,14.0,7.0,,,,,,,
narration,soft,1,2,0.18770993,model-human,TED_011,narration,Qwen vs Luiza,,,Luiza,Qwen,14.0,7.0,,,,,,,
narration,standard,1,1,-0.035597563,model-human,TED_011,narration,Qwen vs Sara,,,Sara,Qwen,7.0,7.0,,,,,,,
narration,soft,1,1,-0.047478914,model-human,TED_011,narration,Qwen vs Sara,,,Sara,Qwen,7.0,7.0,,,,,,,
narration,standard,1,2,-0.14381444,model-human,TED_011,narration,Qwen vs Sara,,,Sara,Qwen,7.0,7.0,,,,,,,
narration,soft,1,2,-0.15465236,model-human,TED_011,narration,Qwen vs Sara,,,Sara,Qwen,7.0,7.0,,,,,,,
narration,standard,1,1,-0.023590326,model-human,TED_011,narration,Gemma vs Luiza,,,Luiza,Gemma,14.0,6.0,,,,,,,
narration,soft,1,1,-0.027872443,model-human,TED_011,narration,Gemma vs Luiza,,,Luiza,Gemma,14.0,6.0,,,,,,,
narration,standard,1,2,-0.007021308,model-human,TED_011,narration,Gemma vs Luiza,,,Luiza,Gemma,14.0,6.0,,,,,,,
narration,soft,1,2,-0.010743856,model-human,TED_011,narration,Gemma vs Luiza,,,Luiza,Gemma,14.0,6.0,,,,,,,
narration,standard,1,1,0.03544092,model-human,TED_011,narration,Gemma vs Sara,,,Sara,Gemma,7.0,6.0,,,,,,,
narration,soft,1,1,0.03115058,model-human,TED_011,narration,Gemma vs Sara,,,Sara,Gemma,7.0,6.0,,,,,,,
narration,standard,1,2,-0.091352105,model-human,TED_011,narration,Gemma vs Sara,,,Sara,Gemma,7.0,6.0,,,,,,,
narration,soft,1,2,-0.095451474,model-human,TED_011,narration,Gemma vs Sara,,,Sara,Gemma,7.0,6.0,,,,,,,
narration,standard,1,1,0.13031524,model-human,TED_012,narration,Mistral vs Luiza,,,Luiza,Mistral,20.0,8.0,,,,,,,
narration,soft,1,1,0.14592934,model-human,TED_012,narration,Mistral vs Luiza,,,Luiza,Mistral,20.0,8.0,,,,,,,
narration,standard,1,2,0.110857606,model-human,TED_012,narration,Mistral vs Luiza,,,Luiza,Mistral,20.0,8.0,,,,,,,
narration,soft,1,2,0.11916381,model-human,TED_012,narration,Mistral vs Luiza,,,Luiza,Mistral,20.0,8.0,,,,,,,
narration,standard,1,1,0.22007799,model-human,TED_012,narration,Mistral vs Sara,,,Sara,Mistral,12.0,8.0,,,,,,,
narration,soft,1,1,0.19831884,model-human,TED_012,narration,Mistral vs Sara,,,Sara,Mistral,12.0,8.0,,,,,,,
narration,standard,1,2,0.17365855,model-human,TED_012,narration,Mistral vs Sara,,,Sara,Mistral,12.0,8.0,,,,,,,
narration,soft,1,2,0.15035778,model-human,TED_012,narration,Mistral vs Sara,,,Sara,Mistral,12.0,8.0,,,,,,,
narration,standard,1,1,0.27011424,model-human,TED_012,narration,Qwen vs Luiza,,,Luiza,Qwen,20.0,11.0,,,,,,,
narration,soft,1,1,0.32322013,model-human,TED_012,narration,Qwen vs Luiza,,,Luiza,Qwen,20.0,11.0,,,,,,,
narration,standard,1,2,0.26273108,model-human,TED_012,narration,Qwen vs Luiza,,,Luiza,Qwen,20.0,11.0,,,,,,,
narration,soft,1,2,0.30168307,model-human,TED_012,narration,Qwen vs Luiza,,,Luiza,Qwen,20.0,11.0,,,,,,,
narration,standard,1,1,0.42351884,model-human,TED_012,narration,Qwen vs Sara,,,Sara,Qwen,12.0,11.0,,,,,,,
narration,soft,1,1,0.4066133,model-human,TED_012,narration,Qwen vs Sara,,,Sara,Qwen,12.0,11.0,,,,,,,
narration,standard,1,2,0.34082747,model-human,TED_012,narration,Qwen vs Sara,,,Sara,Qwen,12.0,11.0,,,,,,,
narration,soft,1,2,0.3205437,model-human,TED_012,narration,Qwen vs Sara,,,Sara,Qwen,12.0,11.0,,,,,,,
narration,standard,1,1,0.24113327,model-human,TED_012,narration,Gemma vs Luiza,,,Luiza,Gemma,20.0,14.0,,,,,,,
narration,soft,1,1,0.21244222,model-human,TED_012,narration,Gemma vs Luiza,,,Luiza,Gemma,20.0,14.0,,,,,,,
narration,standard,1,2,0.10625601,model-human,TED_012,narration,Gemma vs Luiza,,,Luiza,Gemma,20.0,14.0,,,,,,,
narration,soft,1,2,0.071581125,model-human,TED_012,narration,Gemma vs Luiza,,,Luiza,Gemma,20.0,14.0,,,,,,,
narration,standard,1,1,0.3115527,model-human,TED_012,narration,Gemma vs Sara,,,Sara,Gemma,12.0,14.0,,,,,,,
narration,soft,1,1,0.2903965,model-human,TED_012,narration,Gemma vs Sara,,,Sara,Gemma,12.0,14.0,,,,,,,
narration,standard,1,2,0.2917471,model-human,TED_012,narration,Gemma vs Sara,,,Sara,Gemma,12.0,14.0,,,,,,,
narration,soft,1,2,0.2663641,model-human,TED_012,narration,Gemma vs Sara,,,Sara,Gemma,12.0,14.0,,,,,,,
narration,standard,1,1,0.102298915,model-human,TED_015,narration,Mistral vs Luiza,,,Luiza,Mistral,18.0,12.0,,,,,,,
narration,soft,1,1,0.09581047,model-human,TED_015,narration,Mistral vs Luiza,,,Luiza,Mistral,18.0,12.0,,,,,,,
narration,standard,1,2,0.16724527,model-human,TED_015,narration,Mistral vs Luiza,,,Luiza,Mistral,18.0,12.0,,,,,,,
narration,soft,1,2,0.16130239,model-human,TED_015,narration,Mistral vs Luiza,,,Luiza,Mistral,18.0,12.0,,,,,,,
narration,standard,1,1,-0.095610976,model-human,TED_015,narration,Mistral vs Sara,,,Sara,Mistral,2.0,12.0,,,,,,,
narration,soft,1,1,-0.095798016,model-human,TED_015,narration,Mistral vs Sara,,,Sara,Mistral,2.0,12.0,,,,,,,
narration,standard,1,2,-0.050282,model-human,TED_015,narration,Mistral vs Sara,,,Sara,Mistral,2.0,12.0,,,,,,,
narration,soft,1,2,-0.0504539,model-human,TED_015,narration,Mistral vs Sara,,,Sara,Mistral,2.0,12.0,,,,,,,
narration,standard,1,1,0.14700788,model-human,TED_015,narration,Qwen vs Luiza,,,Luiza,Qwen,18.0,9.0,,,,,,,
narration,soft,1,1,0.18231332,model-human,TED_015,narration,Qwen vs Luiza,,,Luiza,Qwen,18.0,9.0,,,,,,,
narration,standard,1,2,0.16587096,model-human,TED_015,narration,Qwen vs Luiza,,,Luiza,Qwen,18.0,9.0,,,,,,,
narration,soft,1,2,0.19429201,model-human,TED_015,narration,Qwen vs Luiza,,,Luiza,Qwen,18.0,9.0,,,,,,,
narration,standard,1,1,-0.13295805,model-human,TED_015,narration,Qwen vs Sara,,,Sara,Qwen,2.0,9.0,,,,,,,
narration,soft,1,1,-0.13328075,model-human,TED_015,narration,Qwen vs Sara,,,Sara,Qwen,2.0,9.0,,,,,,,
narration,standard,1,2,-0.06659758,model-human,TED_015,narration,Qwen vs Sara,,,Sara,Qwen,2.0,9.0,,,,,,,
narration,soft,1,2,-0.06687617,model-human,TED_015,narration,Qwen vs Sara,,,Sara,Qwen,2.0,9.0,,,,,,,
narration,standard,1,1,0.36012965,model-human,TED_015,narration,Gemma vs Luiza,,,Luiza,Gemma,18.0,13.0,,,,,,,
narration,soft,1,1,0.35625052,model-human,TED_015,narration,Gemma vs Luiza,,,Luiza,Gemma,18.0,13.0,,,,,,,
narration,standard,1,2,0.3063637,model-human,TED_015,narration,Gemma vs Luiza,,,Luiza,Gemma,18.0,13.0,,,,,,,
narration,soft,1,2,0.302262,model-human,TED_015,narration,Gemma vs Luiza,,,Luiza,Gemma,18.0,13.0,,,,,,,
narration,standard,1,1,-0.06694293,model-human,TED_015,narration,Gemma vs Sara,,,Sara,Gemma,2.0,13.0,,,,,,,
narration,soft,1,1,-0.06694293,model-human,TED_015,narration,Gemma vs Sara,,,Sara,Gemma,2.0,13.0,,,,,,,
narration,standard,1,2,-0.04126501,model-human,TED_015,narration,Gemma vs Sara,,,Sara,Gemma,2.0,13.0,,,,,,,
narration,soft,1,2,-0.04126501,model-human,TED_015,narration,Gemma vs Sara,,,Sara,Gemma,2.0,13.0,,,,,,,
narration,standard,1,1,0.37671822,model-human,TED_016,narration,Mistral vs Luiza,,,Luiza,Mistral,13.0,5.0,,,,,,,
narration,soft,1,1,0.37633193,model-human,TED_016,narration,Mistral vs Luiza,,,Luiza,Mistral,13.0,5.0,,,,,,,
narration,standard,1,2,0.3936392,model-human,TED_016,narration,Mistral vs Luiza,,,Luiza,Mistral,13.0,5.0,,,,,,,
narration,soft,1,2,0.3932736,model-human,TED_016,narration,Mistral vs Luiza,,,Luiza,Mistral,13.0,5.0,,,,,,,
narration,standard,1,1,0.18967617,model-human,TED_016,narration,Mistral vs Sara,,,Sara,Mistral,7.0,5.0,,,,,,,
narration,soft,1,1,0.18426985,model-human,TED_016,narration,Mistral vs Sara,,,Sara,Mistral,7.0,5.0,,,,,,,
narration,standard,1,2,0.20031756,model-human,TED_016,narration,Mistral vs Sara,,,Sara,Mistral,7.0,5.0,,,,,,,
narration,soft,1,2,0.19505268,model-human,TED_016,narration,Mistral vs Sara,,,Sara,Mistral,7.0,5.0,,,,,,,
narration,standard,1,1,0.47288913,model-human,TED_016,narration,Qwen vs Luiza,,,Luiza,Qwen,13.0,6.0,,,,,,,
narration,soft,1,1,0.56868875,model-human,TED_016,narration,Qwen vs Luiza,,,Luiza,Qwen,13.0,6.0,,,,,,,
narration,standard,1,2,0.49041444,model-human,TED_016,narration,Qwen vs Luiza,,,Luiza,Qwen,13.0,6.0,,,,,,,
narration,soft,1,2,0.5826839,model-human,TED_016,narration,Qwen vs Luiza,,,Luiza,Qwen,13.0,6.0,,,,,,,
narration,standard,1,1,0.4077623,model-human,TED_016,narration,Qwen vs Sara,,,Sara,Qwen,7.0,6.0,,,,,,,
narration,soft,1,1,0.6114505,model-human,TED_016,narration,Qwen vs Sara,,,Sara,Qwen,7.0,6.0,,,,,,,
narration,standard,1,2,0.4262632,model-human,TED_016,narration,Qwen vs Sara,,,Sara,Qwen,7.0,6.0,,,,,,,
narration,soft,1,2,0.6237724,model-human,TED_016,narration,Qwen vs Sara,,,Sara,Qwen,7.0,6.0,,,,,,,
narration,standard,1,1,0.59746695,model-human,TED_016,narration,Gemma vs Luiza,,,Luiza,Gemma,13.0,15.0,,,,,,,
narration,soft,1,1,0.58826244,model-human,TED_016,narration,Gemma vs Luiza,,,Luiza,Gemma,13.0,15.0,,,,,,,
narration,standard,1,2,0.62281847,model-human,TED_016,narration,Gemma vs Luiza,,,Luiza,Gemma,13.0,15.0,,,,,,,
narration,soft,1,2,0.6136013,model-human,TED_016,narration,Gemma vs Luiza,,,Luiza,Gemma,13.0,15.0,,,,,,,
narration,standard,1,1,0.25681263,model-human,TED_016,narration,Gemma vs Sara,,,Sara,Gemma,7.0,15.0,,,,,,,
narration,soft,1,1,0.4355464,model-human,TED_016,narration,Gemma vs Sara,,,Sara,Gemma,7.0,15.0,,,,,,,
narration,standard,1,2,0.27894688,model-human,TED_016,narration,Gemma vs Sara,,,Sara,Gemma,7.0,15.0,,,,,,,
narration,soft,1,2,0.45276695,model-human,TED_016,narration,Gemma vs Sara,,,Sara,Gemma,7.0,15.0,,,,,,,
narration,standard,1,1,0.05353099,model-human,TED_017,narration,Mistral vs Luiza,,,Luiza,Mistral,29.0,7.0,,,,,,,
narration,soft,1,1,0.18187052,model-human,TED_017,narration,Mistral vs Luiza,,,Luiza,Mistral,29.0,7.0,,,,,,,
narration,standard,1,2,0.14936012,model-human,TED_017,narration,Mistral vs Luiza,,,Luiza,Mistral,29.0,7.0,,,,,,,
narration,soft,1,2,0.26302683,model-human,TED_017,narration,Mistral vs Luiza,,,Luiza,Mistral,29.0,7.0,,,,,,,
narration,standard,1,1,0.13681543,model-human,TED_017,narration,Mistral vs Sara,,,Sara,Mistral,21.0,7.0,,,,,,,
narration,soft,1,1,0.22889215,model-human,TED_017,narration,Mistral vs Sara,,,Sara,Mistral,21.0,7.0,,,,,,,
narration,standard,1,2,0.19635898,model-human,TED_017,narration,Mistral vs Sara,,,Sara,Mistral,21.0,7.0,,,,,,,
narration,soft,1,2,0.27504754,model-human,TED_017,narration,Mistral vs Sara,,,Sara,Mistral,21.0,7.0,,,,,,,
narration,standard,1,1,0.13631964,model-human,TED_017,narration,Qwen vs Luiza,,,Luiza,Qwen,29.0,9.0,,,,,,,
narration,soft,1,1,0.28459507,model-human,TED_017,narration,Qwen vs Luiza,,,Luiza,Qwen,29.0,9.0,,,,,,,
narration,standard,1,2,0.23433226,model-human,TED_017,narration,Qwen vs Luiza,,,Luiza,Qwen,29.0,9.0,,,,,,,
narration,soft,1,2,0.3657816,model-human,TED_017,narration,Qwen vs Luiza,,,Luiza,Qwen,29.0,9.0,,,,,,,
narration,standard,1,1,0.21706665,model-human,TED_017,narration,Qwen vs Sara,,,Sara,Qwen,21.0,9.0,,,,,,,
narration,soft,1,1,0.31446278,model-human,TED_017,narration,Qwen vs Sara,,,Sara,Qwen,21.0,9.0,,,,,,,
narration,standard,1,2,0.32106537,model-human,TED_017,narration,Qwen vs Sara,,,Sara,Qwen,21.0,9.0,,,,,,,
narration,soft,1,2,0.39913714,model-human,TED_017,narration,Qwen vs Sara,,,Sara,Qwen,21.0,9.0,,,,,,,
narration,standard,1,1,0.33963394,model-human,TED_017,narration,Gemma vs Luiza,,,Luiza,Gemma,29.0,15.0,,,,,,,
narration,soft,1,1,0.38012367,model-human,TED_017,narration,Gemma vs Luiza,,,Luiza,Gemma,29.0,15.0,,,,,,,
narration,standard,1,2,0.32499176,model-human,TED_017,narration,Gemma vs Luiza,,,Luiza,Gemma,29.0,15.0,,,,,,,
narration,soft,1,2,0.36029214,model-human,TED_017,narration,Gemma vs Luiza,,,Luiza,Gemma,29.0,15.0,,,,,,,
narration,standard,1,1,0.2743901,model-human,TED_017,narration,Gemma vs Sara,,,Sara,Gemma,21.0,15.0,,,,,,,
narration,soft,1,1,0.26574028,model-human,TED_017,narration,Gemma vs Sara,,,Sara,Gemma,21.0,15.0,,,,,,,
narration,standard,1,2,0.24750298,model-human,TED_017,narration,Gemma vs Sara,,,Sara,Gemma,21.0,15.0,,,,,,,
narration,soft,1,2,0.23685616,model-human,TED_017,narration,Gemma vs Sara,,,Sara,Gemma,21.0,15.0,,,,,,,
narration,standard,1,1,0.050927818,model-human,TED_018,narration,Mistral vs Luiza,,,Luiza,Mistral,31.0,9.0,,,,,,,
narration,soft,1,1,0.12706989,model-human,TED_018,narration,Mistral vs Luiza,,,Luiza,Mistral,31.0,9.0,,,,,,,
narration,standard,1,2,0.046803236,model-human,TED_018,narration,Mistral vs Luiza,,,Luiza,Mistral,31.0,9.0,,,,,,,
narration,soft,1,2,0.11332476,model-human,TED_018,narration,Mistral vs Luiza,,,Luiza,Mistral,31.0,9.0,,,,,,,
narration,standard,1,1,0.5444951,model-human,TED_018,narration,Mistral vs Sara,,,Sara,Mistral,11.0,9.0,,,,,,,
narration,soft,1,1,0.60571766,model-human,TED_018,narration,Mistral vs Sara,,,Sara,Mistral,11.0,9.0,,,,,,,
narration,standard,1,2,0.59654486,model-human,TED_018,narration,Mistral vs Sara,,,Sara,Mistral,11.0,9.0,,,,,,,
narration,soft,1,2,0.6502851,model-human,TED_018,narration,Mistral vs Sara,,,Sara,Mistral,11.0,9.0,,,,,,,
narration,standard,1,1,0.11937636,model-human,TED_018,narration,Qwen vs Luiza,,,Luiza,Qwen,31.0,10.0,,,,,,,
narration,soft,1,1,0.2533148,model-human,TED_018,narration,Qwen vs Luiza,,,Luiza,Qwen,31.0,10.0,,,,,,,
narration,standard,1,2,0.12702668,model-human,TED_018,narration,Qwen vs Luiza,,,Luiza,Qwen,31.0,10.0,,,,,,,
narration,soft,1,2,0.24475878,model-human,TED_018,narration,Qwen vs Luiza,,,Luiza,Qwen,31.0,10.0,,,,,,,
narration,standard,1,1,0.59635794,model-human,TED_018,narration,Qwen vs Sara,,,Sara,Qwen,11.0,10.0,,,,,,,
narration,soft,1,1,0.6413641,model-human,TED_018,narration,Qwen vs Sara,,,Sara,Qwen,11.0,10.0,,,,,,,
narration,standard,1,2,0.6590483,model-human,TED_018,narration,Qwen vs Sara,,,Sara,Qwen,11.0,10.0,,,,,,,
narration,soft,1,2,0.7002305,model-human,TED_018,narration,Qwen vs Sara,,,Sara,Qwen,11.0,10.0,,,,,,,
narration,standard,1,1,0.09582394,model-human,TED_018,narration,Gemma vs Luiza,,,Luiza,Gemma,31.0,12.0,,,,,,,
narration,soft,1,1,0.20195198,model-human,TED_018,narration,Gemma vs Luiza,,,Luiza,Gemma,31.0,12.0,,,,,,,
narration,standard,1,2,0.05052471,model-human,TED_018,narration,Gemma vs Luiza,,,Luiza,Gemma,31.0,12.0,,,,,,,
narration,soft,1,2,0.15333265,model-human,TED_018,narration,Gemma vs Luiza,,,Luiza,Gemma,31.0,12.0,,,,,,,
narration,standard,1,1,0.5532118,model-human,TED_018,narration,Gemma vs Sara,,,Sara,Gemma,11.0,12.0,,,,,,,
narration,soft,1,1,0.5370559,model-human,TED_018,narration,Gemma vs Sara,,,Sara,Gemma,11.0,12.0,,,,,,,
narration,standard,1,2,0.5626397,model-human,TED_018,narration,Gemma vs Sara,,,Sara,Gemma,11.0,12.0,,,,,,,
narration,soft,1,2,0.60444456,model-human,TED_018,narration,Gemma vs Sara,,,Sara,Gemma,11.0,12.0,,,,,,,
narration,standard,1,1,0.03047204,model-human,TED_019,narration,Mistral vs Luiza,,,Luiza,Mistral,18.0,27.0,,,,,,,
narration,soft,1,1,0.052538633,model-human,TED_019,narration,Mistral vs Luiza,,,Luiza,Mistral,18.0,27.0,,,,,,,
narration,standard,1,2,-0.06597221,model-human,TED_019,narration,Mistral vs Luiza,,,Luiza,Mistral,18.0,27.0,,,,,,,
narration,soft,1,2,-0.058466673,model-human,TED_019,narration,Mistral vs Luiza,,,Luiza,Mistral,18.0,27.0,,,,,,,
narration,standard,1,1,0.0281263,model-human,TED_019,narration,Mistral vs Sara,,,Sara,Mistral,10.0,27.0,,,,,,,
narration,soft,1,1,0.033833563,model-human,TED_019,narration,Mistral vs Sara,,,Sara,Mistral,10.0,27.0,,,,,,,
narration,standard,1,2,-0.031659603,model-human,TED_019,narration,Mistral vs Sara,,,Sara,Mistral,10.0,27.0,,,,,,,
narration,soft,1,2,-0.039575934,model-human,TED_019,narration,Mistral vs Sara,,,Sara,Mistral,10.0,27.0,,,,,,,
narration,standard,1,1,0.03631127,model-human,TED_019,narration,Qwen vs Luiza,,,Luiza,Qwen,18.0,7.0,,,,,,,
narration,soft,1,1,0.07057369,model-human,TED_019,narration,Qwen vs Luiza,,,Luiza,Qwen,18.0,7.0,,,,,,,
narration,standard,1,2,0.12118578,model-human,TED_019,narration,Qwen vs Luiza,,,Luiza,Qwen,18.0,7.0,,,,,,,
narration,soft,1,2,0.11648208,model-human,TED_019,narration,Qwen vs Luiza,,,Luiza,Qwen,18.0,7.0,,,,,,,
narration,standard,1,1,-0.25696492,model-human,TED_019,narration,Qwen vs Sara,,,Sara,Qwen,10.0,7.0,,,,,,,
narration,soft,1,1,-0.23008692,model-human,TED_019,narration,Qwen vs Sara,,,Sara,Qwen,10.0,7.0,,,,,,,
narration,standard,1,2,-0.23996305,model-human,TED_019,narration,Qwen vs Sara,,,Sara,Qwen,10.0,7.0,,,,,,,
narration,soft,1,2,-0.2391578,model-human,TED_019,narration,Qwen vs Sara,,,Sara,Qwen,10.0,7.0,,,,,,,
narration,standard,1,1,0.19125038,model-human,TED_019,narration,Gemma vs Luiza,,,Luiza,Gemma,18.0,28.0,,,,,,,
narration,soft,1,1,0.32762796,model-human,TED_019,narration,Gemma vs Luiza,,,Luiza,Gemma,18.0,28.0,,,,,,,
narration,standard,1,2,0.2615885,model-human,TED_019,narration,Gemma vs Luiza,,,Luiza,Gemma,18.0,28.0,,,,,,,
narration,soft,1,2,0.37034178,model-human,TED_019,narration,Gemma vs Luiza,,,Luiza,Gemma,18.0,28.0,,,,,,,
narration,standard,1,1,0.17087841,model-human,TED_019,narration,Gemma vs Sara,,,Sara,Gemma,10.0,28.0,,,,,,,
narration,soft,1,1,0.21727812,model-human,TED_019,narration,Gemma vs Sara,,,Sara,Gemma,10.0,28.0,,,,,,,
narration,standard,1,2,0.1696232,model-human,TED_019,narration,Gemma vs Sara,,,Sara,Gemma,10.0,28.0,,,,,,,
narration,soft,1,2,0.23263532,model-human,TED_019,narration,Gemma vs Sara,,,Sara,Gemma,10.0,28.0,,,,,,,
narration,standard,1,1,0.14693695,model-human,TED_020,narration,Mistral vs Luiza,,,Luiza,Mistral,23.0,5.0,,,,,,,
narration,soft,1,1,0.18567932,model-human,TED_020,narration,Mistral vs Luiza,,,Luiza,Mistral,23.0,5.0,,,,,,,
narration,standard,1,2,0.18245327,model-human,TED_020,narration,Mistral vs Luiza,,,Luiza,Mistral,23.0,5.0,,,,,,,
narration,soft,1,2,0.21933872,model-human,TED_020,narration,Mistral vs Luiza,,,Luiza,Mistral,23.0,5.0,,,,,,,
narration,standard,1,1,0.07570201,model-human,TED_020,narration,Mistral vs Sara,,,Sara,Mistral,5.0,5.0,,,,,,,
narration,soft,1,1,0.07261008,model-human,TED_020,narration,Mistral vs Sara,,,Sara,Mistral,5.0,5.0,,,,,,,
narration,standard,1,2,0.09371829,model-human,TED_020,narration,Mistral vs Sara,,,Sara,Mistral,5.0,5.0,,,,,,,
narration,soft,1,2,0.08913964,model-human,TED_020,narration,Mistral vs Sara,,,Sara,Mistral,5.0,5.0,,,,,,,
narration,standard,1,1,0.21903342,model-human,TED_020,narration,Qwen vs Luiza,,,Luiza,Qwen,23.0,9.0,,,,,,,
narration,soft,1,1,0.24081486,model-human,TED_020,narration,Qwen vs Luiza,,,Luiza,Qwen,23.0,9.0,,,,,,,
narration,standard,1,2,0.2466237,model-human,TED_020,narration,Qwen vs Luiza,,,Luiza,Qwen,23.0,9.0,,,,,,,
narration,soft,1,2,0.26646012,model-human,TED_020,narration,Qwen vs Luiza,,,Luiza,Qwen,23.0,9.0,,,,,,,
narration,standard,1,1,0.08898753,model-human,TED_020,narration,Qwen vs Sara,,,Sara,Qwen,5.0,9.0,,,,,,,
narration,soft,1,1,0.08685511,model-human,TED_020,narration,Qwen vs Sara,,,Sara,Qwen,5.0,9.0,,,,,,,
narration,standard,1,2,0.094726264,model-human,TED_020,narration,Qwen vs Sara,,,Sara,Qwen,5.0,9.0,,,,,,,
narration,soft,1,2,0.09149742,model-human,TED_020,narration,Qwen vs Sara,,,Sara,Qwen,5.0,9.0,,,,,,,
narration,standard,1,1,0.2893399,model-human,TED_020,narration,Gemma vs Luiza,,,Luiza,Gemma,23.0,10.0,,,,,,,
narration,soft,1,1,0.308967,model-human,TED_020,narration,Gemma vs Luiza,,,Luiza,Gemma,23.0,10.0,,,,,,,
narration,standard,1,2,0.3153839,model-human,TED_020,narration,Gemma vs Luiza,,,Luiza,Gemma,23.0,10.0,,,,,,,
narration,soft,1,2,0.33358634,model-human,TED_020,narration,Gemma vs Luiza,,,Luiza,Gemma,23.0,10.0,,,,,,,
narration,standard,1,1,0.05306351,model-human,TED_020,narration,Gemma vs Sara,,,Sara,Gemma,5.0,10.0,,,,,,,
narration,soft,1,1,0.051377714,model-human,TED_020,narration,Gemma vs Sara,,,Sara,Gemma,5.0,10.0,,,,,,,
narration,standard,1,2,0.07297659,model-human,TED_020,narration,Gemma vs Sara,,,Sara,Gemma,5.0,10.0,,,,,,,
narration,soft,1,2,0.071361065,model-human,TED_020,narration,Gemma vs Sara,,,Sara,Gemma,5.0,10.0,,,,,,,
narration,standard,1,1,0.64068294,model-model-pair,TED_001,narration,Mistral vs Qwen,,,,,,,Mistral,Qwen,5.0,7.0,,,
narration,soft,1,1,0.79006433,model-model-pair,TED_001,narration,Mistral vs Qwen,,,,,,,Mistral,Qwen,5.0,7.0,,,
narration,standard,1,2,0.7371657,model-model-pair,TED_001,narration,Mistral vs Qwen,,,,,,,Mistral,Qwen,5.0,7.0,,,
narration,soft,1,2,0.8436715,model-model-pair,TED_001,narration,Mistral vs Qwen,,,,,,,Mistral,Qwen,5.0,7.0,,,
narration,standard,1,1,0.51424,model-model-pair,TED_001,narration,Mistral vs Gemma,,,,,,,Mistral,Gemma,5.0,8.0,,,
narration,soft,1,1,0.77174807,model-model-pair,TED_001,narration,Mistral vs Gemma,,,,,,,Mistral,Gemma,5.0,8.0,,,
narration,standard,1,2,0.6293081,model-model-pair,TED_001,narration,Mistral vs Gemma,,,,,,,Mistral,Gemma,5.0,8.0,,,
narration,soft,1,2,0.82356995,model-model-pair,TED_001,narration,Mistral vs Gemma,,,,,,,Mistral,Gemma,5.0,8.0,,,
narration,standard,1,1,0.82970035,model-model-pair,TED_001,narration,Qwen vs Gemma,,,,,,,Qwen,Gemma,7.0,8.0,,,
narration,soft,1,1,0.93673325,model-model-pair,TED_001,narration,Qwen vs Gemma,,,,,,,Qwen,Gemma,7.0,8.0,,,
narration,standard,1,2,0.87133217,model-model-pair,TED_001,narration,Qwen vs Gemma,,,,,,,Qwen,Gemma,7.0,8.0,,,
narration,soft,1,2,0.9515959,model-model-pair,TED_001,narration,Qwen vs Gemma,,,,,,,Qwen,Gemma,7.0,8.0,,,
narration,standard,1,1,0.5428822,model-model-pair,TED_002,narration,Mistral vs Qwen,,,,,,,Mistral,Qwen,6.0,8.0,,,
narration,soft,1,1,0.5218173,model-model-pair,TED_002,narration,Mistral vs Qwen,,,,,,,Mistral,Qwen,6.0,8.0,,,
narration,standard,1,2,0.5036386,model-model-pair,TED_002,narration,Mistral vs Qwen,,,,,,,Mistral,Qwen,6.0,8.0,,,
narration,soft,1,2,0.4791898,model-model-pair,TED_002,narration,Mistral vs Qwen,,,,,,,Mistral,Qwen,6.0,8.0,,,
narration,standard,1,1,0.5090673,model-model-pair,TED_002,narration,Mistral vs Gemma,,,,,,,Mistral,Gemma,6.0,7.0,,,
narration,soft,1,1,0.48716998,model-model-pair,TED_002,narration,Mistral vs Gemma,,,,,,,Mistral,Gemma,6.0,7.0,,,
narration,standard,1,2,0.59008455,model-model-pair,TED_002,narration,Mistral vs Gemma,,,,,,,Mistral,Gemma,6.0,7.0,,,
narration,soft,1,2,0.5683093,model-model-pair,TED_002,narration,Mistral vs Gemma,,,,,,,Mistral,Gemma,6.0,7.0,,,
narration,standard,1,1,0.3499515,model-model-pair,TED_002,narration,Qwen vs Gemma,,,,,,,Qwen,Gemma,8.0,7.0,,,
narration,soft,1,1,0.32995874,model-model-pair,TED_002,narration,Qwen vs Gemma,,,,,,,Qwen,Gemma,8.0,7.0,,,
narration,standard,1,2,0.47837305,model-model-pair,TED_002,narration,Qwen vs Gemma,,,,,,,Qwen,Gemma,8.0,7.0,,,
narration,soft,1,2,0.45733315,model-model-pair,TED_002,narration,Qwen vs Gemma,,,,,,,Qwen,Gemma,8.0,7.0,,,
narration,standard,1,1,0.21273404,model-model-pair,TED_004,narration,Mistral vs Qwen,,,,,,,Mistral,Qwen,1.0,3.0,,,
narration,soft,1,1,0.2060458,model-model-pair,TED_004,narration,Mistral vs Qwen,,,,,,,Mistral,Qwen,1.0,3.0,,,
narration,standard,1,2,0.3254764,model-model-pair,TED_004,narration,Mistral vs Qwen,,,,,,,Mistral,Qwen,1.0,3.0,,,
narration,soft,1,2,0.3205726,model-model-pair,TED_004,narration,Mistral vs Qwen,,,,,,,Mistral,Qwen,1.0,3.0,,,
narration,standard,1,1,-0.13176787,model-model-pair,TED_004,narration,Mistral vs Gemma,,,,,,,Mistral,Gemma,1.0,6.0,,,
narration,soft,1,1,0.12307805,model-model-pair,TED_004,narration,Mistral vs Gemma,,,,,,,Mistral,Gemma,1.0,6.0,,,
narration,standard,1,2,-0.09626162,model-model-pair,TED_004,narration,Mistral vs Gemma,,,,,,,Mistral,Gemma,1.0,6.0,,,
narration,soft,1,2,0.1511569,model-model-pair,TED_004,narration,Mistral vs Gemma,,,,,,,Mistral,Gemma,1.0,6.0,,,
narration,standard,1,1,-0.42359793,model-model-pair,TED_004,narration,Qwen vs Gemma,,,,,,,Qwen,Gemma,3.0,6.0,,,
narration,soft,1,1,-0.23016942,model-model-pair,TED_004,narration,Qwen vs Gemma,,,,,,,Qwen,Gemma,3.0,6.0,,,
narration,standard,1,2,-0.26118636,model-model-pair,TED_004,narration,Qwen vs Gemma,,,,,,,Qwen,Gemma,3.0,6.0,,,
narration,soft,1,2,-0.0936023,model-model-pair,TED_004,narration,Qwen vs Gemma,,,,,,,Qwen,Gemma,3.0,6.0,,,
narration,standard,1,1,0.7853709,model-model-pair,TED_005,narration,Mistral vs Qwen,,,,,,,Mistral,Qwen,6.0,7.0,,,
narration,soft,1,1,0.77943504,model-model-pair,TED_005,narration,Mistral vs Qwen,,,,,,,Mistral,Qwen,6.0,7.0,,,
narration,standard,1,2,0.833377,model-model-pair,TED_005,narration,Mistral vs Qwen,,,,,,,Mistral,Qwen,6.0,7.0,,,
narration,soft,1,2,0.82728356,model-model-pair,TED_005,narration,Mistral vs Qwen,,,,,,,Mistral,Qwen,6.0,7.0,,,
narration,standard,1,1,0.61179644,model-model-pair,TED_005,narration,Mistral vs Gemma,,,,,,,Mistral,Gemma,6.0,8.0,,,
narration,soft,1,1,0.6071108,model-model-pair,TED_005,narration,Mistral vs Gemma,,,,,,,Mistral,Gemma,6.0,8.0,,,
narration,standard,1,2,0.67690766,model-model-pair,TED_005,narration,Mistral vs Gemma,,,,,,,Mistral,Gemma,6.0,8.0,,,
narration,soft,1,2,0.67388636,model-model-pair,TED_005,narration,Mistral vs Gemma,,,,,,,Mistral,Gemma,6.0,8.0,,,
narration,standard,1,1,0.77137756,model-model-pair,TED_005,narration,Qwen vs Gemma,,,,,,,Qwen,Gemma,7.0,8.0,,,
narration,soft,1,1,0.76682836,model-model-pair,TED_005,narration,Qwen vs Gemma,,,,,,,Qwen,Gemma,7.0,8.0,,,
narration,standard,1,2,0.82109463,model-model-pair,TED_005,narration,Qwen vs Gemma,,,,,,,Qwen,Gemma,7.0,8.0,,,
narration,soft,1,2,0.8169331,model-model-pair,TED_005,narration,Qwen vs Gemma,,,,,,,Qwen,Gemma,7.0,8.0,,,
narration,standard,1,1,0.32552385,model-model-pair,TED_006,narration,Mistral vs Qwen,,,,,,,Mistral,Qwen,8.0,4.0,,,
narration,soft,1,1,0.5170357,model-model-pair,TED_006,narration,Mistral vs Qwen,,,,,,,Mistral,Qwen,8.0,4.0,,,
narration,standard,1,2,0.32566893,model-model-pair,TED_006,narration,Mistral vs Qwen,,,,,,,Mistral,Qwen,8.0,4.0,,,
narration,soft,1,2,0.4865893,model-model-pair,TED_006,narration,Mistral vs Qwen,,,,,,,Mistral,Qwen,8.0,4.0,,,
narration,standard,1,1,0.5034586,model-model-pair,TED_006,narration,Mistral vs Gemma,,,,,,,Mistral,Gemma,8.0,10.0,,,
narration,soft,1,1,0.5885974,model-model-pair,TED_006,narration,Mistral vs Gemma,,,,,,,Mistral,Gemma,8.0,10.0,,,
narration,standard,1,2,0.5940556,model-model-pair,TED_006,narration,Mistral vs Gemma,,,,,,,Mistral,Gemma,8.0,10.0,,,
narration,soft,1,2,0.6625247,model-model-pair,TED_006,narration,Mistral vs Gemma,,,,,,,Mistral,Gemma,8.0,10.0,,,
narration,standard,1,1,0.12877446,model-model-pair,TED_006,narration,Qwen vs Gemma,,,,,,,Qwen,Gemma,4.0,10.0,,,
narration,soft,1,1,0.26531935,model-model-pair,TED_006,narration,Qwen vs Gemma,,,,,,,Qwen,Gemma,4.0,10.0,,,
narration,standard,1,2,0.24765545,model-model-pair,TED_006,narration,Qwen vs Gemma,,,,,,,Qwen,Gemma,4.0,10.0,,,
narration,soft,1,2,0.3652805,model-model-pair,TED_006,narration,Qwen vs Gemma,,,,,,,Qwen,Gemma,4.0,10.0,,,
narration,standard,1,1,-0.0183177,model-model-pair,TED_007,narration,Mistral vs Qwen,,,,,,,Mistral,Qwen,1.0,5.0,,,
narration,soft,1,1,-0.0183177,model-model-pair,TED_007,narration,Mistral vs Qwen,,,,,,,Mistral,Qwen,1.0,5.0,,,
narration,standard,1,2,-0.08523929,model-model-pair,TED_007,narration,Mistral vs Qwen,,,,,,,Mistral,Qwen,1.0,5.0,,,
narration,soft,1,2,-0.08523929,model-model-pair,TED_007,narration,Mistral vs Qwen,,,,,,,Mistral,Qwen,1.0,5.0,,,
narration,standard,1,1,0.18168175,model-model-pair,TED_007,narration,Mistral vs Gemma,,,,,,,Mistral,Gemma,1.0,5.0,,,
narration,soft,1,1,0.18034571,model-model-pair,TED_007,narration,Mistral vs Gemma,,,,,,,Mistral,Gemma,1.0,5.0,,,
narration,standard,1,2,0.22872901,model-model-pair,TED_007,narration,Mistral vs Gemma,,,,,,,Mistral,Gemma,1.0,5.0,,,
narration,soft,1,2,0.22566462,model-model-pair,TED_007,narration,Mistral vs Gemma,,,,,,,Mistral,Gemma,1.0,5.0,,,
narration,standard,1,1,0.5998149,model-model-pair,TED_007,narration,Qwen vs Gemma,,,,,,,Qwen,Gemma,5.0,5.0,,,
narration,soft,1,1,0.67964923,model-model-pair,TED_007,narration,Qwen vs Gemma,,,,,,,Qwen,Gemma,5.0,5.0,,,
narration,standard,1,2,0.53240013,model-model-pair,TED_007,narration,Qwen vs Gemma,,,,,,,Qwen,Gemma,5.0,5.0,,,
narration,soft,1,2,0.6034237,model-model-pair,TED_007,narration,Qwen vs Gemma,,,,,,,Qwen,Gemma,5.0,5.0,,,
narration,standard,1,1,-0.42304432,model-model-pair,TED_008,narration,Mistral vs Qwen,,,,,,,Mistral,Qwen,0.0,5.0,,,
narration,soft,1,1,-0.4351765,model-model-pair,TED_008,narration,Mistral vs Qwen,,,,,,,Mistral,Qwen,0.0,5.0,,,
narration,standard,1,2,-0.19481516,model-model-pair,TED_008,narration,Mistral vs Qwen,,,,,,,Mistral,Qwen,0.0,5.0,,,
narration,soft,1,2,-0.21188211,model-model-pair,TED_008,narration,Mistral vs Qwen,,,,,,,Mistral,Qwen,0.0,5.0,,,
narration,standard,1,1,-0.58275294,model-model-pair,TED_008,narration,Mistral vs Gemma,,,,,,,Mistral,Gemma,0.0,5.0,,,
narration,soft,1,1,-0.64033663,model-model-pair,TED_008,narration,Mistral vs Gemma,,,,,,,Mistral,Gemma,0.0,5.0,,,
narration,standard,1,2,-0.42014694,model-model-pair,TED_008,narration,Mistral vs Gemma,,,,,,,Mistral,Gemma,0.0,5.0,,,
narration,soft,1,2,-0.47121406,model-model-pair,TED_008,narration,Mistral vs Gemma,,,,,,,Mistral,Gemma,0.0,5.0,,,
narration,standard,1,1,0.11175126,model-model-pair,TED_008,narration,Qwen vs Gemma,,,,,,,Qwen,Gemma,5.0,5.0,,,
narration,soft,1,1,0.32875615,model-model-pair,TED_008,narration,Qwen vs Gemma,,,,,,,Qwen,Gemma,5.0,5.0,,,
narration,standard,1,2,0.29342163,model-model-pair,TED_008,narration,Qwen vs Gemma,,,,,,,Qwen,Gemma,5.0,5.0,,,
narration,soft,1,2,0.46825892,model-model-pair,TED_008,narration,Qwen vs Gemma,,,,,,,Qwen,Gemma,5.0,5.0,,,
narration,standard,1,1,0.45434928,model-model-pair,TED_010,narration,Mistral vs Qwen,,,,,,,Mistral,Qwen,5.0,8.0,,,
narration,soft,1,1,0.43401396,model-model-pair,TED_010,narration,Mistral vs Qwen,,,,,,,Mistral,Qwen,5.0,8.0,,,
narration,standard,1,2,0.54928005,model-model-pair,TED_010,narration,Mistral vs Qwen,,,,,,,Mistral,Qwen,5.0,8.0,,,
narration,soft,1,2,0.5284029,model-model-pair,TED_010,narration,Mistral vs Qwen,,,,,,,Mistral,Qwen,5.0,8.0,,,
narration,standard,1,1,0.2987383,model-model-pair,TED_010,narration,Mistral vs Gemma,,,,,,,Mistral,Gemma,5.0,5.0,,,
narration,soft,1,1,0.37767965,model-model-pair,TED_010,narration,Mistral vs Gemma,,,,,,,Mistral,Gemma,5.0,5.0,,,
narration,standard,1,2,0.32938462,model-model-pair,TED_010,narration,Mistral vs Gemma,,,,,,,Mistral,Gemma,5.0,5.0,,,
narration,soft,1,2,0.3984084,model-model-pair,TED_010,narration,Mistral vs Gemma,,,,,,,Mistral,Gemma,5.0,5.0,,,
narration,standard,1,1,0.2517115,model-model-pair,TED_010,narration,Qwen vs Gemma,,,,,,,Qwen,Gemma,8.0,5.0,,,
narration,soft,1,1,0.23266631,model-model-pair,TED_010,narration,Qwen vs Gemma,,,,,,,Qwen,Gemma,8.0,5.0,,,
narration,standard,1,2,0.3110544,model-model-pair,TED_010,narration,Qwen vs Gemma,,,,,,,Qwen,Gemma,8.0,5.0,,,
narration,soft,1,2,0.2921325,model-model-pair,TED_010,narration,Qwen vs Gemma,,,,,,,Qwen,Gemma,8.0,5.0,,,
narration,standard,1,1,0.31810188,model-model-pair,TED_011,narration,Mistral vs Qwen,,,,,,,Mistral,Qwen,5.0,7.0,,,
narration,soft,1,1,0.3125822,model-model-pair,TED_011,narration,Mistral vs Qwen,,,,,,,Mistral,Qwen,5.0,7.0,,,
narration,standard,1,2,0.32129395,model-model-pair,TED_011,narration,Mistral vs Qwen,,,,,,,Mistral,Qwen,5.0,7.0,,,
narration,soft,1,2,0.31537157,model-model-pair,TED_011,narration,Mistral vs Qwen,,,,,,,Mistral,Qwen,5.0,7.0,,,
narration,standard,1,1,0.25814408,model-model-pair,TED_011,narration,Mistral vs Gemma,,,,,,,Mistral,Gemma,5.0,6.0,,,
narration,soft,1,1,0.25394422,model-model-pair,TED_011,narration,Mistral vs Gemma,,,,,,,Mistral,Gemma,5.0,6.0,,,
narration,standard,1,2,0.24164575,model-model-pair,TED_011,narration,Mistral vs Gemma,,,,,,,Mistral,Gemma,5.0,6.0,,,
narration,soft,1,2,0.23548168,model-model-pair,TED_011,narration,Mistral vs Gemma,,,,,,,Mistral,Gemma,5.0,6.0,,,
narration,standard,1,1,0.51935214,model-model-pair,TED_011,narration,Qwen vs Gemma,,,,,,,Qwen,Gemma,7.0,6.0,,,
narration,soft,1,1,0.5709363,model-model-pair,TED_011,narration,Qwen vs Gemma,,,,,,,Qwen,Gemma,7.0,6.0,,,
narration,standard,1,2,0.58419096,model-model-pair,TED_011,narration,Qwen vs Gemma,,,,,,,Qwen,Gemma,7.0,6.0,,,
narration,soft,1,2,0.6285278,model-model-pair,TED_011,narration,Qwen vs Gemma,,,,,,,Qwen,Gemma,7.0,6.0,,,
narration,standard,1,1,0.49473614,model-model-pair,TED_012,narration,Mistral vs Qwen,,,,,,,Mistral,Qwen,8.0,11.0,,,
narration,soft,1,1,0.47638184,model-model-pair,TED_012,narration,Mistral vs Qwen,,,,,,,Mistral,Qwen,8.0,11.0,,,
narration,standard,1,2,0.5788562,model-model-pair,TED_012,narration,Mistral vs Qwen,,,,,,,Mistral,Qwen,8.0,11.0,,,
narration,soft,1,2,0.5581464,model-model-pair,TED_012,narration,Mistral vs Qwen,,,,,,,Mistral,Qwen,8.0,11.0,,,
narration,standard,1,1,0.30620784,model-model-pair,TED_012,narration,Mistral vs Gemma,,,,,,,Mistral,Gemma,8.0,14.0,,,
narration,soft,1,1,0.28488475,model-model-pair,TED_012,narration,Mistral vs Gemma,,,,,,,Mistral,Gemma,8.0,14.0,,,
narration,standard,1,2,0.33910763,model-model-pair,TED_012,narration,Mistral vs Gemma,,,,,,,Mistral,Gemma,8.0,14.0,,,
narration,soft,1,2,0.32030672,model-model-pair,TED_012,narration,Mistral vs Gemma,,,,,,,Mistral,Gemma,8.0,14.0,,,
narration,standard,1,1,0.5372502,model-model-pair,TED_012,narration,Qwen vs Gemma,,,,,,,Qwen,Gemma,11.0,14.0,,,
narration,soft,1,1,0.5219161,model-model-pair,TED_012,narration,Qwen vs Gemma,,,,,,,Qwen,Gemma,11.0,14.0,,,
narration,standard,1,2,0.6132833,model-model-pair,TED_012,narration,Qwen vs Gemma,,,,,,,Qwen,Gemma,11.0,14.0,,,
narration,soft,1,2,0.59793216,model-model-pair,TED_012,narration,Qwen vs Gemma,,,,,,,Qwen,Gemma,11.0,14.0,,,
narration,standard,1,1,0.44443786,model-model-pair,TED_015,narration,Mistral vs Qwen,,,,,,,Mistral,Qwen,12.0,9.0,,,
narration,soft,1,1,0.5386056,model-model-pair,TED_015,narration,Mistral vs Qwen,,,,,,,Mistral,Qwen,12.0,9.0,,,
narration,standard,1,2,0.5200868,model-model-pair,TED_015,narration,Mistral vs Qwen,,,,,,,Mistral,Qwen,12.0,9.0,,,
narration,soft,1,2,0.5999621,model-model-pair,TED_015,narration,Mistral vs Qwen,,,,,,,Mistral,Qwen,12.0,9.0,,,
narration,standard,1,1,0.28799915,model-model-pair,TED_015,narration,Mistral vs Gemma,,,,,,,Mistral,Gemma,12.0,13.0,,,
narration,soft,1,1,0.28192657,model-model-pair,TED_015,narration,Mistral vs Gemma,,,,,,,Mistral,Gemma,12.0,13.0,,,
narration,standard,1,2,0.20285803,model-model-pair,TED_015,narration,Mistral vs Gemma,,,,,,,Mistral,Gemma,12.0,13.0,,,
narration,soft,1,2,0.19555783,model-model-pair,TED_015,narration,Mistral vs Gemma,,,,,,,Mistral,Gemma,12.0,13.0,,,
narration,standard,1,1,0.23452163,model-model-pair,TED_015,narration,Qwen vs Gemma,,,,,,,Qwen,Gemma,9.0,13.0,,,
narration,soft,1,1,0.26271266,model-model-pair,TED_015,narration,Qwen vs Gemma,,,,,,,Qwen,Gemma,9.0,13.0,,,
narration,standard,1,2,0.29882127,model-model-pair,TED_015,narration,Qwen vs Gemma,,,,,,,Qwen,Gemma,9.0,13.0,,,
narration,soft,1,2,0.3192895,model-model-pair,TED_015,narration,Qwen vs Gemma,,,,,,,Qwen,Gemma,9.0,13.0,,,
narration,standard,1,1,0.7075422,model-model-pair,TED_016,narration,Mistral vs Qwen,,,,,,,Mistral,Qwen,5.0,6.0,,,
narration,soft,1,1,0.70685923,model-model-pair,TED_016,narration,Mistral vs Qwen,,,,,,,Mistral,Qwen,5.0,6.0,,,
narration,standard,1,2,0.721052,model-model-pair,TED_016,narration,Mistral vs Qwen,,,,,,,Mistral,Qwen,5.0,6.0,,,
narration,soft,1,2,0.72043073,model-model-pair,TED_016,narration,Mistral vs Qwen,,,,,,,Mistral,Qwen,5.0,6.0,,,
narration,standard,1,1,0.356187,model-model-pair,TED_016,narration,Mistral vs Gemma,,,,,,,Mistral,Gemma,5.0,15.0,,,
narration,soft,1,1,0.35086048,model-model-pair,TED_016,narration,Mistral vs Gemma,,,,,,,Mistral,Gemma,5.0,15.0,,,
narration,standard,1,2,0.38312566,model-model-pair,TED_016,narration,Mistral vs Gemma,,,,,,,Mistral,Gemma,5.0,15.0,,,
narration,soft,1,2,0.37823725,model-model-pair,TED_016,narration,Mistral vs Gemma,,,,,,,Mistral,Gemma,5.0,15.0,,,
narration,standard,1,1,0.42440492,model-model-pair,TED_016,narration,Qwen vs Gemma,,,,,,,Qwen,Gemma,6.0,15.0,,,
narration,soft,1,1,0.55606973,model-model-pair,TED_016,narration,Qwen vs Gemma,,,,,,,Qwen,Gemma,6.0,15.0,,,
narration,standard,1,2,0.4538648,model-model-pair,TED_016,narration,Qwen vs Gemma,,,,,,,Qwen,Gemma,6.0,15.0,,,
narration,soft,1,2,0.57800126,model-model-pair,TED_016,narration,Qwen vs Gemma,,,,,,,Qwen,Gemma,6.0,15.0,,,
narration,standard,1,1,0.6223305,model-model-pair,TED_017,narration,Mistral vs Qwen,,,,,,,Mistral,Qwen,7.0,9.0,,,
narration,soft,1,1,0.72203624,model-model-pair,TED_017,narration,Mistral vs Qwen,,,,,,,Mistral,Qwen,7.0,9.0,,,
narration,standard,1,2,0.63540655,model-model-pair,TED_017,narration,Mistral vs Qwen,,,,,,,Mistral,Qwen,7.0,9.0,,,
narration,soft,1,2,0.70563805,model-model-pair,TED_017,narration,Mistral vs Qwen,,,,,,,Mistral,Qwen,7.0,9.0,,,
narration,standard,1,1,0.23371482,model-model-pair,TED_017,narration,Mistral vs Gemma,,,,,,,Mistral,Gemma,7.0,15.0,,,
narration,soft,1,1,0.3704697,model-model-pair,TED_017,narration,Mistral vs Gemma,,,,,,,Mistral,Gemma,7.0,15.0,,,
narration,standard,1,2,0.31536663,model-model-pair,TED_017,narration,Mistral vs Gemma,,,,,,,Mistral,Gemma,7.0,15.0,,,
narration,soft,1,2,0.416817,model-model-pair,TED_017,narration,Mistral vs Gemma,,,,,,,Mistral,Gemma,7.0,15.0,,,
narration,standard,1,1,0.3246959,model-model-pair,TED_017,narration,Qwen vs Gemma,,,,,,,Qwen,Gemma,9.0,15.0,,,
narration,soft,1,1,0.47285098,model-model-pair,TED_017,narration,Qwen vs Gemma,,,,,,,Qwen,Gemma,9.0,15.0,,,
narration,standard,1,2,0.39363694,model-model-pair,TED_017,narration,Qwen vs Gemma,,,,,,,Qwen,Gemma,9.0,15.0,,,
narration,soft,1,2,0.47040588,model-model-pair,TED_017,narration,Qwen vs Gemma,,,,,,,Qwen,Gemma,9.0,15.0,,,
narration,standard,1,1,0.8380366,model-model-pair,TED_018,narration,Mistral vs Qwen,,,,,,,Mistral,Qwen,9.0,10.0,,,
narration,soft,1,1,0.82383865,model-model-pair,TED_018,narration,Mistral vs Qwen,,,,,,,Mistral,Qwen,9.0,10.0,,,
narration,standard,1,2,0.8570762,model-model-pair,TED_018,narration,Mistral vs Qwen,,,,,,,Mistral,Qwen,9.0,10.0,,,
narration,soft,1,2,0.84535766,model-model-pair,TED_018,narration,Mistral vs Qwen,,,,,,,Mistral,Qwen,9.0,10.0,,,
narration,standard,1,1,0.7032921,model-model-pair,TED_018,narration,Mistral vs Gemma,,,,,,,Mistral,Gemma,9.0,12.0,,,
narration,soft,1,1,0.6932527,model-model-pair,TED_018,narration,Mistral vs Gemma,,,,,,,Mistral,Gemma,9.0,12.0,,,
narration,standard,1,2,0.73782873,model-model-pair,TED_018,narration,Mistral vs Gemma,,,,,,,Mistral,Gemma,9.0,12.0,,,
narration,soft,1,2,0.72975266,model-model-pair,TED_018,narration,Mistral vs Gemma,,,,,,,Mistral,Gemma,9.0,12.0,,,
narration,standard,1,1,0.71185195,model-model-pair,TED_018,narration,Qwen vs Gemma,,,,,,,Qwen,Gemma,10.0,12.0,,,
narration,soft,1,1,0.7045363,model-model-pair,TED_018,narration,Qwen vs Gemma,,,,,,,Qwen,Gemma,10.0,12.0,,,
narration,standard,1,2,0.7660723,model-model-pair,TED_018,narration,Qwen vs Gemma,,,,,,,Qwen,Gemma,10.0,12.0,,,
narration,soft,1,2,0.7592786,model-model-pair,TED_018,narration,Qwen vs Gemma,,,,,,,Qwen,Gemma,10.0,12.0,,,
narration,standard,1,1,0.029389441,model-model-pair,TED_019,narration,Mistral vs Qwen,,,,,,,Mistral,Qwen,27.0,7.0,,,
narration,soft,1,1,0.26254827,model-model-pair,TED_019,narration,Mistral vs Qwen,,,,,,,Mistral,Qwen,27.0,7.0,,,
narration,standard,1,2,0.052401304,model-model-pair,TED_019,narration,Mistral vs Qwen,,,,,,,Mistral,Qwen,27.0,7.0,,,
narration,soft,1,2,0.26214063,model-model-pair,TED_019,narration,Mistral vs Qwen,,,,,,,Mistral,Qwen,27.0,7.0,,,
narration,standard,1,1,0.03508061,model-model-pair,TED_019,narration,Mistral vs Gemma,,,,,,,Mistral,Gemma,27.0,28.0,,,
narration,soft,1,1,0.069463074,model-model-pair,TED_019,narration,Mistral vs Gemma,,,,,,,Mistral,Gemma,27.0,28.0,,,
narration,standard,1,2,-0.14538932,model-model-pair,TED_019,narration,Mistral vs Gemma,,,,,,,Mistral,Gemma,27.0,28.0,,,
narration,soft,1,2,-0.14412045,model-model-pair,TED_019,narration,Mistral vs Gemma,,,,,,,Mistral,Gemma,27.0,28.0,,,
narration,standard,1,1,0.032940626,model-model-pair,TED_019,narration,Qwen vs Gemma,,,,,,,Qwen,Gemma,7.0,28.0,,,
narration,soft,1,1,0.08982366,model-model-pair,TED_019,narration,Qwen vs Gemma,,,,,,,Qwen,Gemma,7.0,28.0,,,
narration,standard,1,2,0.10998708,model-model-pair,TED_019,narration,Qwen vs Gemma,,,,,,,Qwen,Gemma,7.0,28.0,,,
narration,soft,1,2,0.1622479,model-model-pair,TED_019,narration,Qwen vs Gemma,,,,,,,Qwen,Gemma,7.0,28.0,,,
narration,standard,1,1,0.45610523,model-model-pair,TED_020,narration,Mistral vs Qwen,,,,,,,Mistral,Qwen,5.0,9.0,,,
narration,soft,1,1,0.44717634,model-model-pair,TED_020,narration,Mistral vs Qwen,,,,,,,Mistral,Qwen,5.0,9.0,,,
narration,standard,1,2,0.47570384,model-model-pair,TED_020,narration,Mistral vs Qwen,,,,,,,Mistral,Qwen,5.0,9.0,,,
narration,soft,1,2,0.46771264,model-model-pair,TED_020,narration,Mistral vs Qwen,,,,,,,Mistral,Qwen,5.0,9.0,,,
narration,standard,1,1,0.28789723,model-model-pair,TED_020,narration,Mistral vs Gemma,,,,,,,Mistral,Gemma,5.0,10.0,,,
narration,soft,1,1,0.29708868,model-model-pair,TED_020,narration,Mistral vs Gemma,,,,,,,Mistral,Gemma,5.0,10.0,,,
narration,standard,1,2,0.29095858,model-model-pair,TED_020,narration,Mistral vs Gemma,,,,,,,Mistral,Gemma,5.0,10.0,,,
narration,soft,1,2,0.30018014,model-model-pair,TED_020,narration,Mistral vs Gemma,,,,,,,Mistral,Gemma,5.0,10.0,,,
narration,standard,1,1,0.26479846,model-model-pair,TED_020,narration,Qwen vs Gemma,,,,,,,Qwen,Gemma,9.0,10.0,,,
narration,soft,1,1,0.25772017,model-model-pair,TED_020,narration,Qwen vs Gemma,,,,,,,Qwen,Gemma,9.0,10.0,,,
narration,standard,1,2,0.2945376,model-model-pair,TED_020,narration,Qwen vs Gemma,,,,,,,Qwen,Gemma,9.0,10.0,,,
narration,soft,1,2,0.28802294,model-model-pair,TED_020,narration,Qwen vs Gemma,,,,,,,Qwen,Gemma,9.0,10.0,,,
narration,standard,1,1,0.6872927,model-model-all3,TED_001,narration,Mistral vs Qwen vs Gemma,,,,,,,,,,,5.0,7.0,8.0
narration,soft,1,1,0.8671503,model-model-all3,TED_001,narration,Mistral vs Qwen vs Gemma,,,,,,,,,,,5.0,7.0,8.0
narration,standard,1,2,0.76033807,model-model-all3,TED_001,narration,Mistral vs Qwen vs Gemma,,,,,,,,,,,5.0,7.0,8.0
narration,soft,1,2,0.8984314,model-model-all3,TED_001,narration,Mistral vs Qwen vs Gemma,,,,,,,,,,,5.0,7.0,8.0
narration,standard,1,1,0.35958195,model-model-all3,TED_002,narration,Mistral vs Qwen vs Gemma,,,,,,,,,,,6.0,8.0,7.0
narration,soft,1,1,0.3648085,model-model-all3,TED_002,narration,Mistral vs Qwen vs Gemma,,,,,,,,,,,6.0,8.0,7.0
narration,standard,1,2,0.45881653,model-model-all3,TED_002,narration,Mistral vs Qwen vs Gemma,,,,,,,,,,,6.0,8.0,7.0
narration,soft,1,2,0.44520336,model-model-all3,TED_002,narration,Mistral vs Qwen vs Gemma,,,,,,,,,,,6.0,8.0,7.0
narration,standard,1,1,-0.35094917,model-model-all3,TED_004,narration,Mistral vs Qwen vs Gemma,,,,,,,,,,,1.0,3.0,6.0
narration,soft,1,1,-0.044596195,model-model-all3,TED_004,narration,Mistral vs Qwen vs Gemma,,,,,,,,,,,1.0,3.0,6.0
narration,standard,1,2,-0.30162263,model-model-all3,TED_004,narration,Mistral vs Qwen vs Gemma,,,,,,,,,,,1.0,3.0,6.0
narration,soft,1,2,0.021800578,model-model-all3,TED_004,narration,Mistral vs Qwen vs Gemma,,,,,,,,,,,1.0,3.0,6.0
narration,standard,1,1,0.70923436,model-model-all3,TED_005,narration,Mistral vs Qwen vs Gemma,,,,,,,,,,,6.0,7.0,8.0
narration,soft,1,1,0.73513746,model-model-all3,TED_005,narration,Mistral vs Qwen vs Gemma,,,,,,,,,,,6.0,7.0,8.0
narration,standard,1,2,0.7754965,model-model-all3,TED_005,narration,Mistral vs Qwen vs Gemma,,,,,,,,,,,6.0,7.0,8.0
narration,soft,1,2,0.77413595,model-model-all3,TED_005,narration,Mistral vs Qwen vs Gemma,,,,,,,,,,,6.0,7.0,8.0
narration,standard,1,1,0.40120584,model-model-all3,TED_006,narration,Mistral vs Qwen vs Gemma,,,,,,,,,,,8.0,4.0,10.0
narration,soft,1,1,0.5106436,model-model-all3,TED_006,narration,Mistral vs Qwen vs Gemma,,,,,,,,,,,8.0,4.0,10.0
narration,standard,1,2,0.46754414,model-model-all3,TED_006,narration,Mistral vs Qwen vs Gemma,,,,,,,,,,,8.0,4.0,10.0
narration,soft,1,2,0.57673204,model-model-all3,TED_006,narration,Mistral vs Qwen vs Gemma,,,,,,,,,,,8.0,4.0,10.0
narration,standard,1,1,0.39958698,model-model-all3,TED_007,narration,Mistral vs Qwen vs Gemma,,,,,,,,,,,1.0,5.0,5.0
narration,soft,1,1,0.42630655,model-model-all3,TED_007,narration,Mistral vs Qwen vs Gemma,,,,,,,,,,,1.0,5.0,5.0
narration,standard,1,2,0.36863893,model-model-all3,TED_007,narration,Mistral vs Qwen vs Gemma,,,,,,,,,,,1.0,5.0,5.0
narration,soft,1,2,0.39326006,model-model-all3,TED_007,narration,Mistral vs Qwen vs Gemma,,,,,,,,,,,1.0,5.0,5.0
narration,standard,1,1,-0.022135258,model-model-all3,TED_008,narration,Mistral vs Qwen vs Gemma,,,,,,,,,,,0.0,5.0,5.0
narration,soft,1,1,-0.014165759,model-model-all3,TED_008,narration,Mistral vs Qwen vs Gemma,,,,,,,,,,,0.0,5.0,5.0
narration,standard,1,2,0.0013326406,model-model-all3,TED_008,narration,Mistral vs Qwen vs Gemma,,,,,,,,,,,0.0,5.0,5.0
narration,soft,1,2,0.024455547,model-model-all3,TED_008,narration,Mistral vs Qwen vs Gemma,,,,,,,,,,,0.0,5.0,5.0
narration,standard,1,1,0.43574572,model-model-all3,TED_010,narration,Mistral vs Qwen vs Gemma,,,,,,,,,,,5.0,8.0,5.0
narration,soft,1,1,0.44450527,model-model-all3,TED_010,narration,Mistral vs Qwen vs Gemma,,,,,,,,,,,5.0,8.0,5.0
narration,standard,1,2,0.49520338,model-model-all3,TED_010,narration,Mistral vs Qwen vs Gemma,,,,,,,,,,,5.0,8.0,5.0
narration,soft,1,2,0.50546336,model-model-all3,TED_010,narration,Mistral vs Qwen vs Gemma,,,,,,,,,,,5.0,8.0,5.0
narration,standard,1,1,0.43052208,model-model-all3,TED_011,narration,Mistral vs Qwen vs Gemma,,,,,,,,,,,5.0,7.0,6.0
narration,soft,1,1,0.42848617,model-model-all3,TED_011,narration,Mistral vs Qwen vs Gemma,,,,,,,,,,,5.0,7.0,6.0
narration,standard,1,2,0.42169654,model-model-all3,TED_011,narration,Mistral vs Qwen vs Gemma,,,,,,,,,,,5.0,7.0,6.0
narration,soft,1,2,0.42097682,model-model-all3,TED_011,narration,Mistral vs Qwen vs Gemma,,,,,,,,,,,5.0,7.0,6.0
narration,standard,1,1,0.46326923,model-model-all3,TED_012,narration,Mistral vs Qwen vs Gemma,,,,,,,,,,,8.0,11.0,14.0
narration,soft,1,1,0.4677171,model-model-all3,TED_012,narration,Mistral vs Qwen vs Gemma,,,,,,,,,,,8.0,11.0,14.0
narration,standard,1,2,0.51307285,model-model-all3,TED_012,narration,Mistral vs Qwen vs Gemma,,,,,,,,,,,8.0,11.0,14.0
narration,soft,1,2,0.5043875,model-model-all3,TED_012,narration,Mistral vs Qwen vs Gemma,,,,,,,,,,,8.0,11.0,14.0
narration,standard,1,1,0.32938242,model-model-all3,TED_015,narration,Mistral vs Qwen vs Gemma,,,,,,,,,,,12.0,9.0,13.0
narration,soft,1,1,0.34695834,model-model-all3,TED_015,narration,Mistral vs Qwen vs Gemma,,,,,,,,,,,12.0,9.0,13.0
narration,standard,1,2,0.30104387,model-model-all3,TED_015,narration,Mistral vs Qwen vs Gemma,,,,,,,,,,,12.0,9.0,13.0
narration,soft,1,2,0.32262075,model-model-all3,TED_015,narration,Mistral vs Qwen vs Gemma,,,,,,,,,,,12.0,9.0,13.0
narration,standard,1,1,0.4350326,model-model-all3,TED_016,narration,Mistral vs Qwen vs Gemma,,,,,,,,,,,5.0,6.0,15.0
narration,soft,1,1,0.47287136,model-model-all3,TED_016,narration,Mistral vs Qwen vs Gemma,,,,,,,,,,,5.0,6.0,15.0
narration,standard,1,2,0.45914942,model-model-all3,TED_016,narration,Mistral vs Qwen vs Gemma,,,,,,,,,,,5.0,6.0,15.0
narration,soft,1,2,0.4958192,model-model-all3,TED_016,narration,Mistral vs Qwen vs Gemma,,,,,,,,,,,5.0,6.0,15.0
narration,standard,1,1,0.37124908,model-model-all3,TED_017,narration,Mistral vs Qwen vs Gemma,,,,,,,,,,,7.0,9.0,15.0
narration,soft,1,1,0.5717068,model-model-all3,TED_017,narration,Mistral vs Qwen vs Gemma,,,,,,,,,,,7.0,9.0,15.0
narration,standard,1,2,0.42234367,model-model-all3,TED_017,narration,Mistral vs Qwen vs Gemma,,,,,,,,,,,7.0,9.0,15.0
narration,soft,1,2,0.54659647,model-model-all3,TED_017,narration,Mistral vs Qwen vs Gemma,,,,,,,,,,,7.0,9.0,15.0
narration,standard,1,1,0.72618103,model-model-all3,TED_018,narration,Mistral vs Qwen vs Gemma,,,,,,,,,,,9.0,10.0,12.0
narration,soft,1,1,0.71875703,model-model-all3,TED_018,narration,Mistral vs Qwen vs Gemma,,,,,,,,,,,9.0,10.0,12.0
narration,standard,1,2,0.7632327,model-model-all3,TED_018,narration,Mistral vs Qwen vs Gemma,,,,,,,,,,,9.0,10.0,12.0
narration,soft,1,2,0.7564877,model-model-all3,TED_018,narration,Mistral vs Qwen vs Gemma,,,,,,,,,,,9.0,10.0,12.0
narration,standard,1,1,0.18660557,model-model-all3,TED_019,narration,Mistral vs Qwen vs Gemma,,,,,,,,,,,27.0,7.0,28.0
narration,soft,1,1,0.25609684,model-model-all3,TED_019,narration,Mistral vs Qwen vs Gemma,,,,,,,,,,,27.0,7.0,28.0
narration,standard,1,2,0.12336105,model-model-all3,TED_019,narration,Mistral vs Qwen vs Gemma,,,,,,,,,,,27.0,7.0,28.0
narration,soft,1,2,0.1791417,model-model-all3,TED_019,narration,Mistral vs Qwen vs Gemma,,,,,,,,,,,27.0,7.0,28.0
narration,standard,1,1,0.31635755,model-model-all3,TED_020,narration,Mistral vs Qwen vs Gemma,,,,,,,,,,,5.0,9.0,10.0
narration,soft,1,1,0.31268418,model-model-all3,TED_020,narration,Mistral vs Qwen vs Gemma,,,,,,,,,,,5.0,9.0,10.0
narration,standard,1,2,0.33629072,model-model-all3,TED_020,narration,Mistral vs Qwen vs Gemma,,,,,,,,,,,5.0,9.0,10.0
narration,soft,1,2,0.33357036,model-model-all3,TED_020,narration,Mistral vs Qwen vs Gemma,,,,,,,,,,,5.0,9.0,10.0
