document_id,model,label,human_explicit,llm_explicit,semantic_similarity,supporting_span_f1,human_span,llm_span,match_status,semantic_interpretation,bertscore_precision,bertscore_recall,bertscore_f1,bertscore_interpretation
STORAL_001,gemma,MC-IMP,Being too generous can lead to people taking advantage of you.,Helping an enemy can provide them with the means to cause you harm.,0.390314758,1,Then the trees saw how foolish they had been in giving their enemy the means of destroying themselves,Then the trees saw how foolish they had been in giving their enemy the means of destroying themselves.,matched,weak but meaningful alignment,0.452010572,0.474716485,0.464211971,weak but meaningful alignment
STORAL_001,gemma,P-IMP,people will ask for your help,,,,,,,,,,,no match
STORAL_001,gemma,P-IMP,people will ask for your help,Trusting others without knowing their true intentions can be dangerous.,0.405127227,0.31372549,"A man came into a wood one day with an axe in his hand, and begged all the trees to give him a small branch which he wanted for a particular purpose",The trees were good-natured and gave him one of their branches. What did the man do but fix it into the axe head,matched,weak but meaningful alignment,,,,
STORAL_001,gemma,P-IMP,you are generous,,,,The trees were good-natured and gave him one of their branches,,missed_by_llm,no match,,,,no match
STORAL_001,gemma,P-IMP,you can get stabbed in the back,,,,"What did the man do but fix it into the axe head, and soon set to work cutting down tree after tree",,missed_by_llm,no match,,,,
STORAL_001,gemma,P-IMP,you can get stabbed in the back,Trusting others without knowing their true intentions can be dangerous.,,,,,,,0.230936915,0.339613944,0.285874367,poor alignment
STORAL_001,mistral,MC-IMP,Being too generous can lead to people taking advantage of you.,Trusting your enemy can lead to your own destruction.,0.351390004,0.641509434,Then the trees saw how foolish they had been in giving their enemy the means of destroying themselves,"What did the man do but fix it into the axe head, and soon set to work cutting down tree after tree. Then the trees saw how foolish they had been in giving their enemy the means of destroying themselves.",matched,weak but meaningful alignment,0.56802541,0.546622634,0.558022022,moderate semantic alignment
STORAL_001,mistral,P-IMP,people will ask for your help,,,,,,missed_by_llm,no match,,,,no match
STORAL_001,mistral,P-IMP,you are generous,,,,,,missed_by_llm,no match,,,,no match
STORAL_001,mistral,P-IMP,you can get stabbed in the back,,,,,,missed_by_llm,no match,,,,no match
STORAL_001,qwen,MC-IMP,Being too generous can lead to people taking advantage of you.,Helping those who intend to harm you is a foolish mistake.,0.341946185,1,Then the trees saw how foolish they had been in giving their enemy the means of destroying themselves,Then the trees saw how foolish they had been in giving their enemy the means of destroying themselves.,matched,poor alignment,0.450508565,0.44911781,0.45070672,weak but meaningful alignment
STORAL_001,qwen,P-IMP,people will ask for your help,,,,,,missed_by_llm,no match,,,,no match
STORAL_001,qwen,P-IMP,you are generous,,,,,,missed_by_llm,no match,,,,no match
STORAL_001,qwen,P-IMP,you can get stabbed in the back,,,,,,missed_by_llm,no match,,,,no match
STORAL_002,gemma,MC-IMP,It's best to mind your own business,Interfering in matters that do not concern you can lead to negative consequences.,0.436744988,0.074074074,"The dog replied, ""Mind your own business""",The master who was sound asleep got wild with the donkey and came running out with a stick and gave hard beatings to the donkey.,matched,weak but meaningful alignment,0.264978886,0.37746352,0.321725607,poor alignment
STORAL_002,gemma,P-IMP,"having good intentions, even though it's not your place, you still take action",Good intentions do not always justify interfering in others' responsibilities.,0.696110606,0.769230769,But the donkey would not listen. He wanted to save his master from thieves. He started to bray.,He wanted to save his master from thieves. He started to bray.,matched,strong alignment,0.357950479,0.321589202,0.340779036,poor alignment
STORAL_002,gemma,P-IMP,"when someone doesn't do their job, it leads to you questioning it",,,,"The dog just lifted up his head and went back to sleep. The donkey asked, ""Why don't you bark. it could be thieves"".",,missed_by_llm,no match,,,,no match
STORAL_002,gemma,P-IMP,your actions can bring consequences,,,,The master who was sound asleep got wild with the donkey and came running out with a stick and gave hard beatings to the donkey,,missed_by_llm,no match,,,,no match
STORAL_002,mistral,MC-IMP,It's best to mind your own business,Interfering in others' business can lead to negative consequences.,0.438923895,0.074074074,"The dog replied, ""Mind your own business""",The master who was sound asleep got wild with the donkey and came running out with a stick and gave hard beatings to the donkey.,matched,weak but meaningful alignment,0.335130483,0.392749012,0.364818066,weak but meaningful alignment
STORAL_002,mistral,P-IMP,"having good intentions, even though it's not your place, you still take action",,,,,,missed_by_llm,no match,,,,no match
STORAL_002,mistral,P-IMP,"when someone doesn't do their job, it leads to you questioning it",,,,,,missed_by_llm,no match,,,,no match
STORAL_002,mistral,P-IMP,your actions can bring consequences,,,,,,missed_by_llm,no match,,,,no match
STORAL_002,qwen,MC-IMP,It's best to mind your own business,Interfering in matters that do not concern you can lead to unnecessary trouble or punishment.,0.423119605,0.35,"The dog replied, ""Mind your own business""","The dog replied, ""Mind your own business"". But the donkey would not listen. He started to bray. The master who was sound asleep got wild with the donkey and came running out with a stick and gave hard beatings to the donkey.",matched,weak but meaningful alignment,0.191482216,0.318472534,0.255415201,poor alignment
STORAL_002,qwen,P-IMP,"having good intentions, even though it's not your place, you still take action",,,,,,missed_by_llm,no match,,,,no match
STORAL_002,qwen,P-IMP,"when someone doesn't do their job, it leads to you questioning it",,,,,,missed_by_llm,no match,,,,no match
STORAL_002,qwen,P-IMP,your actions can bring consequences,,,,,,missed_by_llm,no match,,,,no match
STORAL_003,gemma,MC-IMP,don't underestimate someone by their size or physical appearance,No one is too small to be of help to others.,0.536677957,0.740740741,"""You ridiculed the idea of my ever being able to help you, never expecting to receive from me any repayment of your favor.""","The mouse, recognizing his roar, came and gnawed the rope with his teeth, and set him free, exclaiming: 'You ridiculed the idea of my ever being able to help you, never expecting to receive from me any repayment of your favor.'",matched,moderate alignment,0.287019581,0.20508337,0.246951327,poor alignment
STORAL_003,gemma,P-IMP,"when it is your turn to be in trouble, they keep their promise",,,,"The mouse, recognizing his roar, came and gnawed the rope with his teeth, and set him free",,missed_by_llm,no match,,,,no match
STORAL_003,gemma,P-IMP,you don't take someone seriously just because you think they are not at your level,The powerful often underestimate the capabilities of those who seem weaker.,0.406295836,1,The lion laughed at him but allowed him to go,The lion laughed at him but allowed him to go.,matched,weak but meaningful alignment,0.354604036,0.199183255,0.276908278,poor alignment
STORAL_003,gemma,P-IMP,"you make someone a favor, they promise to give you something in return",,,,"Then the mouse piteously entreated, saying:""If you would only spare my life, I would be sure to repay your kindness.""",,missed_by_llm,no match,,,,no match
STORAL_003,mistral,MC-IMP,don't underestimate someone by their size or physical appearance,"Kindness and help given to others, no matter how small, can be repaid in unexpected ways.",0.347840786,0.057142857,"""You ridiculed the idea of my ever being able to help you, never expecting to receive from me any repayment of your favor.""","The mouse, recognizing his roar, came and gnawed the rope with his teeth, and set him free, exclaiming:",matched,poor alignment,0.093640551,0.151091948,0.123630702,poor alignment
STORAL_003,mistral,P-IMP,"when it is your turn to be in trouble, they keep their promise",,,,,,missed_by_llm,no match,,,,no match
STORAL_003,mistral,P-IMP,you don't take someone seriously just because you think they are not at your level,,,,,,missed_by_llm,no match,,,,no match
STORAL_003,mistral,P-IMP,"you make someone a favor, they promise to give you something in return",,,,,,missed_by_llm,no match,,,,no match
STORAL_003,qwen,MC-IMP,don't underestimate someone by their size or physical appearance,Even those who appear small or weak can provide crucial assistance to the powerful.,0.416630119,0.740740741,"""You ridiculed the idea of my ever being able to help you, never expecting to receive from me any repayment of your favor.""","The mouse, recognizing his roar, came and gnawed the rope with his teeth, and set him free, exclaiming:'You ridiculed the idea of my ever being able to help you, never expecting to receive from me any repayment of your favor.'",matched,weak but meaningful alignment,0.304447383,0.29511258,0.300913423,poor alignment
STORAL_003,qwen,P-IMP,"when it is your turn to be in trouble, they keep their promise",,,,,,missed_by_llm,no match,,,,no match
STORAL_003,qwen,P-IMP,you don't take someone seriously just because you think they are not at your level,,,,,,missed_by_llm,no match,,,,no match
STORAL_003,qwen,P-IMP,"you make someone a favor, they promise to give you something in return",,,,,,missed_by_llm,no match,,,,no match
STORAL_005,gemma,MC-IMP,trusting someone blindly can hurt everyone involved,Conflict between two parties can be exploited by a third party for their own benefit.,0.364216268,0.133333333,The unsuspecting pair did as they were told and in an instant the cat had them both under her claws,No one could deny that the dispute had been definitely settled.,matched,weak but meaningful alignment,0.24975352,0.205344066,0.228707328,poor alignment
STORAL_005,gemma,P-IMP,someone can intervene by trying to solve the disagreement,Negligence can lead to the loss of one's security.,0.245596141,0.217391304,"A wise old cat heard the dispute and offered to settle it. ""Come close to me,"" Said the cat, ""I am very deaf. put your mouths close to my ears while you tell me the facts.""",forgot to latch the door of his house and while he was gone a weasel walked in,matched,poor alignment,0.356010169,0.2643736,0.310911089,poor alignment
STORAL_005,gemma,P-IMP,when experiencing a disagreement and looking for a solution,Deceptive pretenses can be used to lure others into vulnerable positions.,0.11320243,0.121212121,"The rabbit was quite angry for a rabbit , and requested the weasel to move out. But the weasel was perfectly content.",I am very deaf. put your mouths close to my ears while you tell me the facts.,matched,poor alignment,0.130380914,0.187382296,0.160090089,poor alignment
STORAL_005,mistral,MC-IMP,trusting someone blindly can hurt everyone involved,Deception can be used to resolve conflicts when other methods fail.,0.336263061,0.527777778,The unsuspecting pair did as they were told and in an instant the cat had them both under her claws,"A wise old cat heard the dispute and offered to settle it. ""Come close to me,"" Said the cat, ""I am very deaf. put your mouths close to my ears while you tell me the facts."" The unsuspecting pair did as they were told and in an instant the cat had them both under her claws. No one could deny that the dispute had been definitely settled.",matched,poor alignment,0.191788927,0.112599663,0.153262407,poor alignment
STORAL_005,mistral,P-IMP,someone can intervene by trying to solve the disagreement,,,,,,missed_by_llm,no match,,,,no match
STORAL_005,mistral,P-IMP,when experiencing a disagreement and looking for a solution,,,,,,missed_by_llm,no match,,,,no match
STORAL_005,qwen,MC-IMP,trusting someone blindly can hurt everyone involved,Trusting a dangerous or untrustworthy third party to mediate a conflict can lead to mutual destruction.,0.516013741,0.808510638,The unsuspecting pair did as they were told and in an instant the cat had them both under her claws,The unsuspecting pair did as they were told and in an instant the cat had them both under her claws. No one could deny that the dispute had been definitely settled.,matched,moderate alignment,0.305042386,0.494555831,0.399097741,weak but meaningful alignment
STORAL_005,qwen,P-IMP,someone can intervene by trying to solve the disagreement,,,,,,,,,,,no match
STORAL_005,qwen,P-IMP,someone can intervene by trying to solve the disagreement,Neglecting to secure one's property creates opportunities for opportunistic intruders.,0.184483543,0.192307692,"A wise old cat heard the dispute and offered to settle it. ""Come close to me,"" Said the cat, ""I am very deaf. put your mouths close to my ears while you tell me the facts.""",But he forgot to latch the door of his house and while he was gone a weasel walked in and calmly made himself at home.,matched,poor alignment,,,,
STORAL_005,qwen,P-IMP,when experiencing a disagreement and looking for a solution,,,,"The rabbit was quite angry for a rabbit , and requested the weasel to move out. But the weasel was perfectly content.",,missed_by_llm,no match,,,,
STORAL_005,qwen,P-IMP,when experiencing a disagreement and looking for a solution,Neglecting to secure one's property creates opportunities for opportunistic intruders.,,,,,,,0.183961511,0.222608298,0.204507619,poor alignment
STORAL_006,gemma,MC-IMP,arrogance can lead you into danger,Overconfidence and arrogance can lead to one's own downfall.,0.771831274,0.666666667,"Cat then climbed into lion's throat and looked and looked but couldn't find the bone. Then, with one silent bite, lion swallowed jack the cat whole!","Then, with one silent bite, lion swallowed jack the cat whole!",matched,strong alignment,0.555223584,0.513711035,0.53514421,moderate semantic alignment
STORAL_006,gemma,P-IMP,"someone doubts you, so you ask for a challenge",,,,"""Ya, right corny de' lion! give me any request you want and I shall fulfill it!""",,missed_by_llm,no match,,,,no match
STORAL_006,gemma,P-IMP,you are claiming that you are strong,,,,"Cat said, ""Well you don't have to be snotty about it! just because I'm better than you does not mean you have to be a brat about it!""",,missed_by_llm,no match,,,,no match
STORAL_006,gemma,P-IMP,you ignore warning signs of danger while you are trying to prove yourself,Acting impulsively without considering the risks can be dangerous.,0.5725528,0.325581395,"""Well, I do have this bone in my throat that has been bugging me for ages! will you get it out for me?"" Lion spoke with a mysterious glint in his eyes. ""Sure!"" Cat said without thinking even once.",'Sure!' Cat said without thinking even once.,matched,moderate alignment,0.422782063,0.333768308,0.378911018,weak but meaningful alignment
STORAL_006,mistral,MC-IMP,arrogance can lead you into danger,Arrogance and overconfidence can lead to one's downfall.,0.799490333,1,"Cat then climbed into lion's throat and looked and looked but couldn't find the bone. Then, with one silent bite, lion swallowed jack the cat whole!","Cat then climbed into lion's throat and looked and looked but couldn't find the bone. Then, with one silent bite, lion swallowed jack the cat whole!",matched,strong alignment,0.611921072,0.638942599,0.626008213,moderate semantic alignment
STORAL_006,mistral,P-IMP,"someone doubts you, so you ask for a challenge",,,,,,,,,,,no match
STORAL_006,mistral,P-IMP,"someone doubts you, so you ask for a challenge",Arrogance can provoke negative reactions from others.,0.35717535,0.153846154,"""Ya, right corny de' lion! give me any request you want and I shall fulfill it!""","Cat said, ""Well you don't have to be snotty about it! just because I'm better than you does not mean you have to be a brat about it!""",matched,weak but meaningful alignment,,,,
STORAL_006,mistral,P-IMP,you are claiming that you are strong,,,,"Cat said, ""Well you don't have to be snotty about it! just because I'm better than you does not mean you have to be a brat about it!""",,missed_by_llm,no match,,,,
STORAL_006,mistral,P-IMP,you are claiming that you are strong,Arrogance can provoke negative reactions from others.,,,,,,,0.273845971,0.256443083,0.266323328,poor alignment
STORAL_006,mistral,P-IMP,you ignore warning signs of danger while you are trying to prove yourself,Overconfidence can lead to making reckless decisions.,0.559378803,0.192307692,"""Well, I do have this bone in my throat that has been bugging me for ages! will you get it out for me?"" Lion spoke with a mysterious glint in his eyes. ""Sure!"" Cat said without thinking even once.","""Ya, right corny de' lion! give me any request you want and I shall fulfill it!""",matched,moderate alignment,0.417850107,0.323526204,0.37128976,weak but meaningful alignment
STORAL_006,qwen,MC-IMP,arrogance can lead you into danger,Acting impulsively without considering the consequences can lead to ruin.,0.566236138,0.897959184,"Cat then climbed into lion's throat and looked and looked but couldn't find the bone. Then, with one silent bite, lion swallowed jack the cat whole!","Cat said without thinking even once. Cat then climbed into lion's throat and looked and looked but couldn't find the bone. Then, with one silent bite, lion swallowed jack the cat whole!",matched,moderate alignment,0.477224767,0.474003732,0.476465642,weak but meaningful alignment
STORAL_006,qwen,P-IMP,"someone doubts you, so you ask for a challenge",,,,"""Ya, right corny de' lion! give me any request you want and I shall fulfill it!""",,missed_by_llm,no match,,,,
STORAL_006,qwen,P-IMP,"someone doubts you, so you ask for a challenge",A seemingly simple request from an adversary may actually be a deliberate trap.,,,,,,,0.29061684,0.293058872,0.292988122,poor alignment
STORAL_006,qwen,P-IMP,you are claiming that you are strong,,,,"Cat said, ""Well you don't have to be snotty about it! just because I'm better than you does not mean you have to be a brat about it!""",,missed_by_llm,no match,,,,no match
STORAL_006,qwen,P-IMP,you ignore warning signs of danger while you are trying to prove yourself,,,,,,,,,,,no match
STORAL_006,qwen,P-IMP,you ignore warning signs of danger while you are trying to prove yourself,A seemingly simple request from an adversary may actually be a deliberate trap.,0.365854234,0.4,"""Well, I do have this bone in my throat that has been bugging me for ages! will you get it out for me?"" Lion spoke with a mysterious glint in his eyes. ""Sure!"" Cat said without thinking even once.",Lion spoke with a mysterious glint in his eyes.,matched,weak but meaningful alignment,,,,
STORAL_007,gemma,MC-IMP,staying loyal through temptations is rewarded,Faithfulness and integrity are eventually rewarded.,0.731670558,1,Then he praised his dog and gave him two more pieces of meat to eat as a reward,Then he praised his dog and gave him two more pieces of meat to eat as a reward.,matched,strong alignment,0.552181363,0.306089371,0.427239448,weak but meaningful alignment
STORAL_007,gemma,MC-IMP,true loyalty is stronger than temptation,,,,"""I am a faithful house-dog. you cannot fool me and harm my master.""",,missed_by_llm,no match,,,,no match
STORAL_007,gemma,P-IMP,you are being bribed with something you love but you do not let that falter your loyalty easily,Loyalty involves prioritizing the safety of others over personal gain.,0.623101234,0.170212766,"Then he threw the pieces of meat at him. On this act, the dog said, ""If you think that by throwing this piece of meat you can fool me, you are mistaken."" The thief throws another piece of meat at the dog. The dog doesn't pick up the piece of meat",I am a faithful house-dog. you cannot fool me and harm my master.,matched,moderate alignment,0.239127263,0.061271425,0.150022849,poor alignment
STORAL_007,mistral,MC-IMP,staying loyal through temptations is rewarded,,,,Then he praised his dog and gave him two more pieces of meat to eat as a reward,,missed_by_llm,no match,,,,no match
STORAL_007,mistral,MC-IMP,true loyalty is stronger than temptation,Loyalty and vigilance protect against harm.,0.607836008,1,"""I am a faithful house-dog. you cannot fool me and harm my master.""",I am a faithful house-dog. you cannot fool me and harm my master.,matched,moderate alignment,0.430921495,0.296249807,0.363762468,weak but meaningful alignment
STORAL_007,mistral,P-IMP,you are being bribed with something you love but you do not let that falter your loyalty easily,A faithful dog will not be tempted by bribes.,0.514687419,0.541666667,"Then he threw the pieces of meat at him. On this act, the dog said, ""If you think that by throwing this piece of meat you can fool me, you are mistaken."" The thief throws another piece of meat at the dog. The dog doesn't pick up the piece of meat","The thief throws another piece of meat at the dog. The dog doesn't pick up the piece of meat and replies,",matched,moderate alignment,0.386860996,0.156968728,0.27055949,poor alignment
STORAL_007,qwen,C-IMP,,Steadfast loyalty and protective behavior deserve recognition and reward.,,,,,extra_llm_annotation,no match,,,,no match
STORAL_007,qwen,MC-IMP,staying loyal through temptations is rewarded,,,,Then he praised his dog and gave him two more pieces of meat to eat as a reward,,missed_by_llm,no match,,,,no match
STORAL_007,qwen,MC-IMP,true loyalty is stronger than temptation,True loyalty and dedication cannot be bought or compromised by bribes.,0.643826604,1,"""I am a faithful house-dog. you cannot fool me and harm my master.""",I am a faithful house-dog. you cannot fool me and harm my master.,matched,moderate alignment,0.328189939,0.310366243,0.320368767,poor alignment
STORAL_007,qwen,P-IMP,you are being bribed with something you love but you do not let that falter your loyalty easily,Temptations are often used to undermine someone's commitment or duty.,0.522343934,0.217391304,"Then he threw the pieces of meat at him. On this act, the dog said, ""If you think that by throwing this piece of meat you can fool me, you are mistaken."" The thief throws another piece of meat at the dog. The dog doesn't pick up the piece of meat",He brought several slices of meat with himself to trick the house-dog.,matched,moderate alignment,0.275216013,0.15909709,0.21777238,poor alignment
STORAL_008,gemma,MC-IMP,flattery and pride can get you in trouble,Intelligence and quick thinking can overcome physical strength.,0.150023848,0.84,"In the mean time, the shepherd and the dogs who were in search of the missing lamb heard the sound. They came running and caught hold of the wolf.","The wolf was pleased by the flattery and started to play louder. In the mean time, the shepherd and the dogs who were in search of the missing lamb heard the sound. They came running and caught hold of the wolf.",matched,poor alignment,0.268467546,0.250648379,0.260745138,poor alignment
STORAL_008,gemma,P-IMP,"because of those disingenuous compliments, you feel flattered",,,,The wolf was pleased by the flattery and started to play louder,,missed_by_llm,no match,,,,no match
STORAL_008,gemma,P-IMP,you get some compliments that might not be genuine,Loud noises can attract the attention of others.,0.189405993,0.285714286,you play far better than my shepherd,"will you play a bit louder, please?",matched,poor alignment,0.366081059,0.240711555,0.303776503,poor alignment
STORAL_008,mistral,MC-IMP,flattery and pride can get you in trouble,Using clever tactics can help overcome a stronger adversary.,0.269396722,0.162162162,"In the mean time, the shepherd and the dogs who were in search of the missing lamb heard the sound. They came running and caught hold of the wolf.","The lamb replied, ""I am fond of music. before I die, I wish to hear you play the flute.""",matched,poor alignment,0.41072312,0.245629027,0.327970922,poor alignment
STORAL_008,mistral,P-IMP,"because of those disingenuous compliments, you feel flattered",,,,,,,,,,,no match
STORAL_008,mistral,P-IMP,"because of those disingenuous compliments, you feel flattered",Flattery can distract and overconfidence can lead to downfall.,0.505343616,1,The wolf was pleased by the flattery and started to play louder,The wolf was pleased by the flattery and started to play louder.,matched,moderate alignment,,,,
STORAL_008,mistral,P-IMP,you get some compliments that might not be genuine,,,,you play far better than my shepherd,,missed_by_llm,no match,,,,
STORAL_008,mistral,P-IMP,you get some compliments that might not be genuine,Flattery can distract and overconfidence can lead to downfall.,,,,,,,0.293108642,0.275906056,0.285655409,poor alignment
STORAL_008,qwen,MC-IMP,flattery and pride can get you in trouble,Quick thinking and cleverness can overcome physical strength and save one from danger.,0.151601851,0.763636364,"In the mean time, the shepherd and the dogs who were in search of the missing lamb heard the sound. They came running and caught hold of the wolf.","The wolf was pleased by the flattery and started to play louder. In the mean time, the shepherd and the dogs who were in search of the missing lamb heard the sound. They came running and caught hold of the wolf. The lamb happily trotted away to his flock.",matched,poor alignment,0.215636209,0.287332416,0.252454638,poor alignment
STORAL_008,qwen,P-IMP,"because of those disingenuous compliments, you feel flattered",,,,,,,,,,,no match
STORAL_008,qwen,P-IMP,"because of those disingenuous compliments, you feel flattered",Pride and vanity can make powerful individuals vulnerable to manipulation.,0.352976799,1,The wolf was pleased by the flattery and started to play louder,The wolf was pleased by the flattery and started to play louder.,matched,weak but meaningful alignment,,,,
STORAL_008,qwen,P-IMP,you get some compliments that might not be genuine,,,,you play far better than my shepherd,,missed_by_llm,no match,,,,
STORAL_008,qwen,P-IMP,you get some compliments that might not be genuine,Pride and vanity can make powerful individuals vulnerable to manipulation.,,,,,,,0.283844322,0.25688383,0.271514088,poor alignment
STORAL_010,gemma,MC-IMP,not listening to your gut and acting beyond your limits might get you in trouble,Associating with those who are fundamentally different in nature can be dangerous.,0.307448626,0.84,"They had not gone ten paces before the earthen pot cracked, and at the next jolt he flew into a thousand pieces","The earthen pot could not survive that sort of companionship very long. They had not gone ten paces before the earthen pot cracked, and at the next jolt he flew into a thousand pieces.",matched,poor alignment,0.263200581,0.314716697,0.289988011,poor alignment
STORAL_010,gemma,P-IMP,you are aware of your limits and avoid exposing yourself to situations that harm you,External protection cannot always compensate for inherent fragility.,0.314644128,0.137931034,"the earthen pot excused himself, saying that it would be wiser for him to stay in the corner by the fire. ""It would take so little to break me,"" He said. ""You know how fragile I am. the least shock is sure to shatter me!""""",I shall take very good care of you. if we should happen to meet anything hard I will step between and save you.,matched,poor alignment,0.191942453,0.122813456,0.158511102,poor alignment
STORAL_010,gemma,P-IMP,you are convinced by someone who thinks their intentions are helpful and disregard your limits,,,,"Don't let that keep you at home,"" Urged the brass pot. ""I shall take very good care of you. if we should happen to meet anything hard I will step between and save you.""So the earthen pot at last consented,",,missed_by_llm,no match,,,,no match
STORAL_010,mistral,C-IMP,,You should be aware of your own limitations.,,,,,extra_llm_annotation,no match,,,,no match
STORAL_010,mistral,MC-IMP,not listening to your gut and acting beyond your limits might get you in trouble,Overconfidence in protection can lead to unexpected failure.,0.43241477,0.84,"They had not gone ten paces before the earthen pot cracked, and at the next jolt he flew into a thousand pieces","The earthen pot could not survive that sort of companionship very long. They had not gone ten paces before the earthen pot cracked, and at the next jolt he flew into a thousand pieces.",matched,weak but meaningful alignment,0.385131508,0.275922686,0.331047326,poor alignment
STORAL_010,mistral,P-IMP,you are aware of your limits and avoid exposing yourself to situations that harm you,You can trust someone else to protect you.,0.466430366,0.137931034,"the earthen pot excused himself, saying that it would be wiser for him to stay in the corner by the fire. ""It would take so little to break me,"" He said. ""You know how fragile I am. the least shock is sure to shatter me!""""",I shall take very good care of you. if we should happen to meet anything hard I will step between and save you.,matched,weak but meaningful alignment,0.37263,0.280499518,0.327254355,poor alignment
STORAL_010,mistral,P-IMP,you are convinced by someone who thinks their intentions are helpful and disregard your limits,,,,"Don't let that keep you at home,"" Urged the brass pot. ""I shall take very good care of you. if we should happen to meet anything hard I will step between and save you.""So the earthen pot at last consented,",,missed_by_llm,no match,,,,no match
STORAL_010,qwen,MC-IMP,not listening to your gut and acting beyond your limits might get you in trouble,"Forcing incompatible individuals into close partnerships often leads to harm, regardless of good intentions.",0.416986972,0.84,"They had not gone ten paces before the earthen pot cracked, and at the next jolt he flew into a thousand pieces","The earthen pot could not survive that sort of companionship very long. They had not gone ten paces before the earthen pot cracked, and at the next jolt he flew into a thousand pieces.",matched,weak but meaningful alignment,0.28789261,0.26793772,0.279068947,poor alignment
STORAL_010,qwen,P-IMP,you are aware of your limits and avoid exposing yourself to situations that harm you,,,,,,missed_by_llm,no match,,,,no match
STORAL_010,qwen,P-IMP,you are convinced by someone who thinks their intentions are helpful and disregard your limits,,,,,,missed_by_llm,no match,,,,no match
STORAL_011,gemma,MC-IMP,you can overcome your problems by facing them with courage,Facing your fears with courage is the most effective way to overcome them.,0.724297762,1,"Swami ji turned back to boldly face those monkeys. As soon as swami ji did that, those monkey fell back and left","Swami ji turned back to boldly face those monkeys. As soon as swami ji did that, those monkey fell back and left.",matched,strong alignment,0.604555666,0.678846598,0.642037868,moderate semantic alignment
STORAL_011,gemma,P-IMP,you are trying to escape your problems,,,,Swami ji began to run and monkey started chasing him,,missed_by_llm,no match,,,,no match
STORAL_011,gemma,P-IMP,you realize that trying to run away doesn't solve them,Running away from a threat often increases the aggression of the attacker.,0.555069804,0.173913043,"A time came when swami ji felt that it would be impossible to escape, just then an old sanyasi called out and said, ""Face them..!!""Those words brought swami vivekananda to senses and he stopped running","Faster swami ji ran, bolder monkey got and tried to catch him and bite him",matched,moderate alignment,0.447282016,0.2569758,0.35146749,weak but meaningful alignment
STORAL_011,mistral,MC-IMP,you can overcome your problems by facing them with courage,Facing your fears can make them disappear.,0.612628222,0.827586207,"Swami ji turned back to boldly face those monkeys. As soon as swami ji did that, those monkey fell back and left","As soon as swami ji did that, those monkey fell back and left.",matched,moderate alignment,0.629293323,0.512783229,0.571117282,moderate semantic alignment
STORAL_011,mistral,P-IMP,you are trying to escape your problems,,,,,,missed_by_llm,no match,,,,no match
STORAL_011,mistral,P-IMP,you realize that trying to run away doesn't solve them,,,,,,missed_by_llm,no match,,,,no match
STORAL_011,qwen,MC-IMP,you can overcome your problems by facing them with courage,Confronting challenges directly is more effective than running away from them.,0.586673975,0.684210526,"Swami ji turned back to boldly face those monkeys. As soon as swami ji did that, those monkey fell back and left","Faster swami ji ran, bolder monkey got and tried to catch him and bite him... As soon as swami ji did that, those monkey fell back and left.",matched,moderate alignment,0.372412801,0.398033649,0.386191785,weak but meaningful alignment
STORAL_011,qwen,P-IMP,you are trying to escape your problems,,,,,,missed_by_llm,no match,,,,no match
STORAL_011,qwen,P-IMP,you realize that trying to run away doesn't solve them,,,,,,missed_by_llm,no match,,,,no match
STORAL_012,gemma,MC-IMP,the effort of trying to achieve perfection can prevent you from enjoying life,Spending too much time on preparation can prevent the actual goal from being achieved.,0.500193834,0.867924528,"I can't tell you who won, because after so much time spent searching, the animals had tired themselves out, and everyone who started playing was soon lying asleep on the court!","after so much time spent searching, the animals had tired themselves out, and everyone who started playing was soon lying asleep on the court!",matched,moderate alignment,0.48757261,0.45181495,0.470495433,weak but meaningful alignment
STORAL_012,gemma,P-IMP,you will go through trial and error before finding a perfect solution,Living creatures should not be used as toys.,-0.069433719,0.24,"just when they were about to start, the snails refused to be treated like tennis balls. So everyone went running, looking for some tennis balls for their tournament. One animal brought a stone, but they could see that it didn't roll. Another brought an orange; the orange rolled but it didn't bounce. Someone else brought a frog. There was no doubt that the frog bounced, but unfortunately it didn't roll. Another animal came with a football, but that was too big. Then someone found a smaller ball, but it was black, and no one could see it very well. Finally, they found a small tennis ball.",the snails refused to be treated like tennis balls,matched,poor alignment,0.23910886,0.177192912,0.209250227,poor alignment
STORAL_012,mistral,MC-IMP,the effort of trying to achieve perfection can prevent you from enjoying life,It is important to respect the boundaries and preferences of others.,0.31854564,0.125,"I can't tell you who won, because after so much time spent searching, the animals had tired themselves out, and everyone who started playing was soon lying asleep on the court!","the snails refused to be treated like tennis balls. So everyone went running, looking for some tennis balls for their tournament.",matched,poor alignment,0.331121445,0.19891654,0.265371561,poor alignment
STORAL_012,mistral,P-IMP,you will go through trial and error before finding a perfect solution,,,,,,missed_by_llm,no match,,,,no match
STORAL_012,qwen,MC-IMP,the effort of trying to achieve perfection can prevent you from enjoying life,Excessive preparation or the pursuit of perfection can drain the energy needed to actually complete a task.,0.597426534,0.867924528,"I can't tell you who won, because after so much time spent searching, the animals had tired themselves out, and everyone who started playing was soon lying asleep on the court!","after so much time spent searching, the animals had tired themselves out, and everyone who started playing was soon lying asleep on the court",matched,moderate alignment,0.463140249,0.426456809,0.445637435,weak but meaningful alignment
STORAL_012,qwen,P-IMP,you will go through trial and error before finding a perfect solution,,,,,,missed_by_llm,no match,,,,no match
STORAL_014,gemma,MC-IMP,someone should not have to choose based on enforced hatred,One does not have to conform to divisive binaries if it requires harboring hatred.,0.613406777,0.844444444,would remind world that its not necessary to chose between day and night when you don't want to hate,Brad would not decorate fields with his frosty breath and would remind world that its not necessary to chose between day and night when you don't want to hate,matched,moderate alignment,0.246168628,0.362435877,0.304791123,poor alignment
STORAL_014,gemma,P-IMP,being forced to choose causes you to feel resentment and hatred for the opposing side,Forced categorization into opposing groups leads to lifelong conflict.,0.558471799,0.529411765,Both group of dragons had hatred for each other,Both group of dragons had hatred for each other and once wings change they will remain like that forever and dragon have to had hatred for other for rest of his life,matched,moderate alignment,0.349847883,0.392063141,0.371894389,weak but meaningful alignment
STORAL_014,gemma,P-IMP,you are in situation where you have to choose sides,,,,When time comes each dragon had to chose his side and join army,,missed_by_llm,no match,,,,no match
STORAL_014,gemma,P-IMP,you experience inner conflict from having to take a decision,,,,Brad didn't want to hate it either. Brad felt sad and tears flooded his eyes,,missed_by_llm,no match,,,,no match
STORAL_014,gemma,P-IMP,you realize you don't need to choose and can belong to both sides,,,,one wing belong to moon and one wing belong to sun,,missed_by_llm,no match,,,,no match
STORAL_014,mistral,MC-IMP,someone should not have to choose based on enforced hatred,It is possible to find a middle ground and not be forced into binary choices.,0.434356987,0.330434783,would remind world that its not necessary to chose between day and night when you don't want to hate,"he flew deep into lake to find peace and then flew up high into sky as high as it could, in order to escape its fate. When he had flown so high that the cold prevented him from moving his wings, he opened his mouth to spit out a great flame, as if to spend it completely, to never have it again but instead of fire, a thin layer of frost came out of his mouth and covered fields below. Only then he discovered that he wouldn't be a dragon of just light or darkness but now his one wing belong to moon and one wing belong to sun. After attaining final form. Brad would not decorate fields with his frosty breath and would remind world that its not necessary to chose between day and night when you don't want to hate.",matched,weak but meaningful alignment,0.358772606,0.280896395,0.320649862,poor alignment
STORAL_014,mistral,P-IMP,being forced to choose causes you to feel resentment and hatred for the opposing side,,,,,,missed_by_llm,no match,,,,no match
STORAL_014,mistral,P-IMP,you are in situation where you have to choose sides,,,,,,missed_by_llm,no match,,,,no match
STORAL_014,mistral,P-IMP,you experience inner conflict from having to take a decision,,,,,,missed_by_llm,no match,,,,no match
STORAL_014,mistral,P-IMP,you realize you don't need to choose and can belong to both sides,,,,,,missed_by_llm,no match,,,,no match
STORAL_014,qwen,MC-IMP,someone should not have to choose based on enforced hatred,Rejecting forced binary choices that demand hatred allows for a more balanced and peaceful existence.,0.672511637,0.972972973,would remind world that its not necessary to chose between day and night when you don't want to hate,remind world that its not necessary to chose between day and night when you don't want to hate.,matched,strong alignment,0.275481701,0.295526087,0.286646038,poor alignment
STORAL_014,qwen,P-IMP,being forced to choose causes you to feel resentment and hatred for the opposing side,Rigid societal divisions often compel individuals to adopt lasting hatred towards opposing groups.,0.523942709,0.529411765,Both group of dragons had hatred for each other,Both group of dragons had hatred for each other and once wings change they will remain like that forever and dragon have to had hatred for other for rest of his life.,matched,moderate alignment,0.313382715,0.432543695,0.373316556,weak but meaningful alignment
STORAL_014,qwen,P-IMP,you are in situation where you have to choose sides,,,,When time comes each dragon had to chose his side and join army,,missed_by_llm,no match,,,,no match
STORAL_014,qwen,P-IMP,you experience inner conflict from having to take a decision,,,,Brad didn't want to hate it either. Brad felt sad and tears flooded his eyes,,missed_by_llm,no match,,,,no match
STORAL_014,qwen,P-IMP,you realize you don't need to choose and can belong to both sides,,,,one wing belong to moon and one wing belong to sun,,missed_by_llm,no match,,,,no match
STORAL_015,gemma,MC-IMP,,"The mind can cause physical illness based on false beliefs, and rational understanding can cure it.",,,,,extra_llm_annotation,no match,,,,no match
STORAL_015,gemma,P-IMP,"once you understand the truth, your fear disappears",,,,"Lee laughed and kept glass back and then removed bow that was hung on wall of his room with a painted snake on it. And again asked his friend to see through glass and asked, ""Could you snake anymore?""His friend was surprised to find that snake was no longer in wine.",,missed_by_llm,no match,,,,
STORAL_015,gemma,P-IMP,"once you understand the truth, your fear disappears",Believing one has been harmed can lead to actual physical symptoms.,,,,,,,0.268691123,0.323664516,0.297178388,poor alignment
STORAL_015,gemma,P-IMP,you get scared in a potentially harmful situation,,,,,,,,,,,no match
STORAL_015,gemma,P-IMP,you get scared in a potentially harmful situation,Believing one has been harmed can lead to actual physical symptoms.,0.445596337,0.622222222,"I noticed that there was small snake lying in wine glass.since then, I am not able to feel well. I lay in bed unable to do anything. I feel that because of that snake in wine something has happened to my health.""",I feel that because of that snake in wine something has happened to my health.,matched,weak but meaningful alignment,,,,
STORAL_015,mistral,C-IMP,,Lee took the friend's concerns seriously and investigated the matter thoroughly.,,,,,extra_llm_annotation,no match,,,,no match
STORAL_015,mistral,MC-IMP,,The truth can have a healing effect and resolve misunderstandings.,,,,,extra_llm_annotation,no match,,,,no match
STORAL_015,mistral,P-IMP,"once you understand the truth, your fear disappears",,,,"Lee laughed and kept glass back and then removed bow that was hung on wall of his room with a painted snake on it. And again asked his friend to see through glass and asked, ""Could you snake anymore?""His friend was surprised to find that snake was no longer in wine.",,missed_by_llm,no match,,,,
STORAL_015,mistral,P-IMP,"once you understand the truth, your fear disappears",The cause of the friend's illness was a visual illusion created by the painted snake on the bow.,,,,,,,0.209320724,0.303381264,0.257135808,poor alignment
STORAL_015,mistral,P-IMP,you get scared in a potentially harmful situation,,,,,,,,,,,no match
STORAL_015,mistral,P-IMP,you get scared in a potentially harmful situation,The cause of the friend's illness was a visual illusion created by the painted snake on the bow.,0.213090286,0.226415094,"I noticed that there was small snake lying in wine glass.since then, I am not able to feel well. I lay in bed unable to do anything. I feel that because of that snake in wine something has happened to my health.""",Lee laughed and kept glass back and then removed bow that was hung on wall of his room with a painted snake on it.,matched,poor alignment,,,,
STORAL_015,qwen,C-IMP,,Careful investigation can distinguish between reality and illusion.,,,,,extra_llm_annotation,no match,,,,no match
STORAL_015,qwen,MC-IMP,,Revealing the truth behind a misunderstanding can cure the distress it causes.,,,,,extra_llm_annotation,no match,,,,no match
STORAL_015,qwen,P-IMP,"once you understand the truth, your fear disappears",,,,"Lee laughed and kept glass back and then removed bow that was hung on wall of his room with a painted snake on it. And again asked his friend to see through glass and asked, ""Could you snake anymore?""His friend was surprised to find that snake was no longer in wine.",,missed_by_llm,no match,,,,
STORAL_015,qwen,P-IMP,"once you understand the truth, your fear disappears",Fear of an imagined threat can cause real physical and psychological harm.,,,,,,,0.312918961,0.388410211,0.351451963,weak but meaningful alignment
STORAL_015,qwen,P-IMP,you get scared in a potentially harmful situation,,,,,,,,,,,no match
STORAL_015,qwen,P-IMP,you get scared in a potentially harmful situation,Fear of an imagined threat can cause real physical and psychological harm.,0.650315046,0.76,"I noticed that there was small snake lying in wine glass.since then, I am not able to feel well. I lay in bed unable to do anything. I feel that because of that snake in wine something has happened to my health.""","I noticed that there was small snake lying in wine glass.since then, I am not able to feel well.",matched,strong alignment,,,,
STORAL_016,gemma,C-IMP,nothing lasts forever,Disruptive behavior leads to the loss of favor.,0.164048314,0.222222222,Don't worry little brother. nothing in world is permanent and you will see that things will change soon,"Soon, monkey started to create trouble in palace and then one day little prince got so afraid of monkey that he ordered his servants to sent that monkey back into jungle.",matched,poor alignment,0.221487209,0.161062017,0.192409351,poor alignment
STORAL_016,gemma,MC-IMP,one should never lose patience under unfavourable conditions,Patience and resilience are essential for enduring the unpredictable changes of life.,0.646359265,0.756756757,"""Time never stays same. therefore, you should never get depressed because of unfavorable time.""Finally, younger brother realized that he should never lose his patience under unfavorable conditions.","Finally, younger brother realized that he should never lose his patience under unfavorable conditions.",matched,moderate alignment,0.365636736,0.261313528,0.314070463,poor alignment
STORAL_016,gemma,P-IMP,"over time, your situation improves",Current hardships are temporary.,0.530262113,0.129032258,"Soon, monkey started to create trouble in palace and then one day little prince got so afraid of monkey that he ordered his servants to sent that monkey back into jungle. Next day, monkey was sent to jungle and again parrots again became main attraction of palace and every one started paying attention to them and loved them like before. Young parrot became happy and exclaimed, ""Our happy days have returned.""",nothing in world is permanent and you will see that things will change soon.,matched,moderate alignment,0.43383956,0.369497985,0.402445704,weak but meaningful alignment
STORAL_016,gemma,P-IMP,you are grateful for the good treatment you get,,,,"At king's palace parrots were fed with most delicious fruits and servants ran left and right in order to keep parrots comfortable. Even young prince came to play with parrots and treated them with utmost love. Young parrot was very happy with special treatment and said to his older brother, ""Brother, we are so lucky.""Older parrot replied, ""Yes, we were lucky to be bought here.""""Our lives in palace is so comfortable and here we have everything we need and loved by all"", exclaimed young parrot with joy.",,missed_by_llm,no match,,,,no match
STORAL_016,gemma,P-IMP,you feel bad because you get neglected as someone else took your place,,,,"Soon monkey became main attraction and parrots were neglected. Young parrot became sad and depressed. One day he said to his older brother, ""This monkey destroyed our perfect world and because of him nobody care and look for us anymore. no one even look at us anymore.""",,missed_by_llm,no match,,,,no match
STORAL_016,mistral,C-IMP,nothing lasts forever,,,,,,missed_by_llm,no match,,,,no match
STORAL_016,mistral,MC-IMP,one should never lose patience under unfavourable conditions,One should remain patient and resilient during difficult times as circumstances can change.,0.663993657,0.685714286,"""Time never stays same. therefore, you should never get depressed because of unfavorable time.""Finally, younger brother realized that he should never lose his patience under unfavorable conditions.","Time never stays same. therefore, you should never get depressed because of unfavorable time.",matched,strong alignment,0.425852954,0.435540795,0.431617945,weak but meaningful alignment
STORAL_016,mistral,P-IMP,"over time, your situation improves",Unpredictable events can lead to changes in circumstances.,0.375309944,0.710526316,"Soon, monkey started to create trouble in palace and then one day little prince got so afraid of monkey that he ordered his servants to sent that monkey back into jungle. Next day, monkey was sent to jungle and again parrots again became main attraction of palace and every one started paying attention to them and loved them like before. Young parrot became happy and exclaimed, ""Our happy days have returned.""","Soon, monkey started to create trouble in palace and then one day little prince got so afraid of monkey that he ordered his servants to sent that monkey back into jungle.",matched,weak but meaningful alignment,0.2923778,0.352471471,0.323355108,poor alignment
STORAL_016,mistral,P-IMP,you are grateful for the good treatment you get,,,,"At king's palace parrots were fed with most delicious fruits and servants ran left and right in order to keep parrots comfortable. Even young prince came to play with parrots and treated them with utmost love. Young parrot was very happy with special treatment and said to his older brother, ""Brother, we are so lucky.""Older parrot replied, ""Yes, we were lucky to be bought here.""""Our lives in palace is so comfortable and here we have everything we need and loved by all"", exclaimed young parrot with joy.",,missed_by_llm,no match,,,,no match
STORAL_016,mistral,P-IMP,you feel bad because you get neglected as someone else took your place,,,,"Soon monkey became main attraction and parrots were neglected. Young parrot became sad and depressed. One day he said to his older brother, ""This monkey destroyed our perfect world and because of him nobody care and look for us anymore. no one even look at us anymore.""",,missed_by_llm,no match,,,,no match
STORAL_016,qwen,C-IMP,nothing lasts forever,Emotional stability is compromised when happiness depends entirely on external validation.,0.272263944,0.083333333,Don't worry little brother. nothing in world is permanent and you will see that things will change soon,Young parrot became sad and depressed.,matched,poor alignment,0.084174931,0.126484752,0.106695525,poor alignment
STORAL_016,qwen,MC-IMP,one should never lose patience under unfavourable conditions,One should maintain patience and emotional resilience during difficult periods because unfavorable circumstances are temporary and will eventually change.,0.691863835,0.140350877,"""Time never stays same. therefore, you should never get depressed because of unfavorable time.""Finally, younger brother realized that he should never lose his patience under unfavorable conditions.","Soon, monkey started to create trouble in palace and then one day little prince got so afraid of monkey that he ordered his servants to sent that monkey back into jungle. Next day, monkey was sent to jungle and again parrots again became main attraction of palace",matched,strong alignment,0.267630935,0.443518341,0.355166167,weak but meaningful alignment
STORAL_016,qwen,P-IMP,"over time, your situation improves",,,,"Soon, monkey started to create trouble in palace and then one day little prince got so afraid of monkey that he ordered his servants to sent that monkey back into jungle. Next day, monkey was sent to jungle and again parrots again became main attraction of palace and every one started paying attention to them and loved them like before. Young parrot became happy and exclaimed, ""Our happy days have returned.""",,missed_by_llm,no match,,,,
STORAL_016,qwen,P-IMP,"over time, your situation improves",External favor and attention are inherently unstable and easily diverted by novelty.,,,,,,,0.15536657,0.36962074,0.261492431,poor alignment
STORAL_016,qwen,P-IMP,you are grateful for the good treatment you get,,,,"At king's palace parrots were fed with most delicious fruits and servants ran left and right in order to keep parrots comfortable. Even young prince came to play with parrots and treated them with utmost love. Young parrot was very happy with special treatment and said to his older brother, ""Brother, we are so lucky.""Older parrot replied, ""Yes, we were lucky to be bought here.""""Our lives in palace is so comfortable and here we have everything we need and loved by all"", exclaimed young parrot with joy.",,missed_by_llm,no match,,,,no match
STORAL_016,qwen,P-IMP,you feel bad because you get neglected as someone else took your place,,,,,,,,,,,no match
STORAL_016,qwen,P-IMP,you feel bad because you get neglected as someone else took your place,External favor and attention are inherently unstable and easily diverted by novelty.,0.28030163,0.382978723,"Soon monkey became main attraction and parrots were neglected. Young parrot became sad and depressed. One day he said to his older brother, ""This monkey destroyed our perfect world and because of him nobody care and look for us anymore. no one even look at us anymore.""",Soon monkey became main attraction and parrots were neglected.,matched,poor alignment,,,,
STORAL_017,gemma,MC-IMP,worse situations can make earlier problems smaller and help you see things from a different perspective,Appreciation for one's current situation often comes from experiencing a worse alternative.,0.694606781,0.872727273,"now with all those animals out of house, it feels more spacious and all of us can't help but being pleased and uncomplaining about space in house. am very thankful to you for all the help","now with all those animals out of house, it feels more spacious and all of us can't help but being pleased and uncomplaining about space in house",matched,strong alignment,0.355293125,0.244384632,0.300387561,poor alignment
STORAL_017,gemma,P-IMP,you are troubled about your current situation,,,,"""I m really troubled. I have a small house and its getting difficult to fit my family consisting of my wife, three kids and mother with me in that small house",,missed_by_llm,no match,,,,no match
STORAL_017,gemma,P-IMP,your situation gets harder because of additional challenges,,,,"""Things got worse with chickens in house.. because of this family is getting more troubled living in that house.""",,missed_by_llm,no match,,,,no match
STORAL_017,gemma,P-IMP,your situation gets harder because of additional challenges,,,,"""Things got worse with chickens in house.. because of this family is getting more troubled living in that house.""",,missed_by_llm,no match,,,,no match
STORAL_017,gemma,P-IMP,your situation gets harder because of additional challenges,,,,"""Everyone in family is really upset with me. everyone is complaining of lack of space. whatever you said to do is making our life more miserable.""",,missed_by_llm,no match,,,,no match
STORAL_017,gemma,P-IMP,your situation gets harder because of additional challenges,,,,"""Everyone in family is really upset with me. everyone is complaining of lack of space. whatever you said to do is making our life more miserable.""",,missed_by_llm,no match,,,,no match
STORAL_017,gemma,P-IMP,your situation gets harder because of additional challenges,Contrast is an effective way to change a person's perception of their circumstances.,0.423826635,0.375,"""Now, my home is even more crowded. with all these animals in the house there is not even any place to move.""","now with all those animals out of house, it feels more spacious",matched,weak but meaningful alignment,0.347063869,0.24230437,0.295304149,poor alignment
STORAL_017,mistral,MC-IMP,worse situations can make earlier problems smaller and help you see things from a different perspective,Removing unnecessary elements can create more space and improve living conditions.,0.298877597,0.272727273,"now with all those animals out of house, it feels more spacious and all of us can't help but being pleased and uncomplaining about space in house. am very thankful to you for all the help",now take all the animal outside your house and keep them in yard.,matched,poor alignment,0.333580732,0.205808148,0.270095438,poor alignment
STORAL_017,mistral,P-IMP,you are troubled about your current situation,,,,"""I m really troubled. I have a small house and its getting difficult to fit my family consisting of my wife, three kids and mother with me in that small house",,missed_by_llm,no match,,,,no match
STORAL_017,mistral,P-IMP,your situation gets harder because of additional challenges,,,,"""Things got worse with chickens in house.. because of this family is getting more troubled living in that house.""",,missed_by_llm,no match,,,,no match
STORAL_017,mistral,P-IMP,your situation gets harder because of additional challenges,,,,"""Things got worse with chickens in house.. because of this family is getting more troubled living in that house.""",,missed_by_llm,no match,,,,no match
STORAL_017,mistral,P-IMP,your situation gets harder because of additional challenges,,,,"""Everyone in family is really upset with me. everyone is complaining of lack of space. whatever you said to do is making our life more miserable.""",,missed_by_llm,no match,,,,no match
STORAL_017,mistral,P-IMP,your situation gets harder because of additional challenges,,,,"""Everyone in family is really upset with me. everyone is complaining of lack of space. whatever you said to do is making our life more miserable.""",,missed_by_llm,no match,,,,no match
STORAL_017,mistral,P-IMP,your situation gets harder because of additional challenges,"Sometimes, adding more problems can help you realize the severity of the original problem.",0.613768816,0.227272727,"""Now, my home is even more crowded. with all these animals in the house there is not even any place to move.""","This time nasrudin said, 'Don't worry everything will be fine. now take all the animal outside your house and keep them in yard.'",matched,moderate alignment,0.349625707,0.285509676,0.318479687,poor alignment
STORAL_017,qwen,MC-IMP,worse situations can make earlier problems smaller and help you see things from a different perspective,Experiencing a worse situation makes the original circumstances feel better by comparison.,0.809470415,0.872727273,"now with all those animals out of house, it feels more spacious and all of us can't help but being pleased and uncomplaining about space in house. am very thankful to you for all the help","now with all those animals out of house, it feels more spacious and all of us can't help but being pleased and uncomplaining about space in house",matched,very strong alignment,0.393590003,0.378601789,0.387082458,weak but meaningful alignment
STORAL_017,qwen,P-IMP,you are troubled about your current situation,,,,,,missed_by_llm,no match,,,,no match
STORAL_017,qwen,P-IMP,your situation gets harder because of additional challenges,,,,,,missed_by_llm,no match,,,,no match
STORAL_017,qwen,P-IMP,your situation gets harder because of additional challenges,,,,,,missed_by_llm,no match,,,,no match
STORAL_017,qwen,P-IMP,your situation gets harder because of additional challenges,,,,,,missed_by_llm,no match,,,,no match
STORAL_017,qwen,P-IMP,your situation gets harder because of additional challenges,,,,,,missed_by_llm,no match,,,,no match
STORAL_017,qwen,P-IMP,your situation gets harder because of additional challenges,,,,,,missed_by_llm,no match,,,,no match
STORAL_017,qwen,P-IMP,your situation gets harder because of additional challenges,,,,,,missed_by_llm,no match,,,,no match
STORAL_017,qwen,P-IMP,your situation gets harder because of additional challenges,,,,,,missed_by_llm,no match,,,,no match
STORAL_017,qwen,P-IMP,your situation gets harder because of additional challenges,,,,,,missed_by_llm,no match,,,,no match
STORAL_017,qwen,P-IMP,your situation gets harder because of additional challenges,,,,,,missed_by_llm,no match,,,,no match
STORAL_018,gemma,MC-IMP,you need to have balance between enjoying life and having responsabilities,True happiness is achieved by maintaining a balance between enjoying life's beauty and fulfilling one's responsibilities.,0.685976386,1,secret of happiness is to see all the beauty and marvels of world but never to forget the drops of oil on the spoon,secret of happiness is to see all the beauty and marvels of world but never to forget the drops of oil on the spoon,matched,strong alignment,0.507922411,0.545937479,0.527633131,moderate semantic alignment
STORAL_018,gemma,P-IMP,"you get so immersed in your responsibilities, that you forget about the joys in life",Focusing exclusively on responsibilities can prevent a person from experiencing the beauty of life.,0.639699936,1,he observed nothing as he his only concern was to save that oil from spilling from spoon,he observed nothing as he his only concern was to save that oil from spilling from spoon,matched,moderate alignment,0.538477838,0.466022998,0.502816439,moderate semantic alignment
STORAL_018,gemma,P-IMP,you then get so immersed having a good time that you forget about your responsibilities,Focusing exclusively on pleasure can lead to the neglect of important duties.,0.660167694,0.923076923,all the oil was gone from the spoon while he was busy admiring beauty,he found that all the oil was gone from the spoon while he was busy admiring beauty,matched,strong alignment,0.413382262,0.261218727,0.337278157,poor alignment
STORAL_018,mistral,MC-IMP,you need to have balance between enjoying life and having responsabilities,The secret of happiness is to enjoy life's beauties while not neglecting your responsibilities.,0.599420071,0.745098039,secret of happiness is to see all the beauty and marvels of world but never to forget the drops of oil on the spoon,"""Well, young man.. there is only one advice I can give you.. secret of happiness is to see all the beauty and marvels of world but never to forget the drops of oil on the spoon"", said wise man.",matched,moderate alignment,0.402948439,0.388593465,0.396742851,weak but meaningful alignment
STORAL_018,mistral,P-IMP,,You must be patient to gain wisdom.,,,,Young man had to wait for hours for his turn to meet wise man.,extra_llm_annotation,no match,,,,no match
STORAL_018,mistral,P-IMP,,You must experience things firsthand to understand them fully.,,,,,,,,,,no match
STORAL_018,mistral,P-IMP,,You should appreciate the beauty around you.,,,,"""Well, my dear.. tell me did you saw beautiful carving on the walls of castle?? did you saw beautiful garden?""",extra_llm_annotation,no match,,,,
STORAL_018,mistral,P-IMP,"you get so immersed in your responsibilities, that you forget about the joys in life",You can balance responsibilities and enjoyment.,,,,,,,0.479346901,0.256264448,0.366485357,weak but meaningful alignment
STORAL_018,mistral,P-IMP,"you get so immersed in your responsibilities, that you forget about the joys in life",You must experience things firsthand to understand them fully.,0.323973835,0.057142857,he observed nothing as he his only concern was to save that oil from spilling from spoon,"Wise man listened to him and said, ""I will answer you later.. meanwhile you look around castle and return after 3 hours.""",matched,poor alignment,,,,
STORAL_018,mistral,P-IMP,you then get so immersed having a good time that you forget about your responsibilities,You can balance responsibilities and enjoyment.,0.614857018,0.258064516,all the oil was gone from the spoon while he was busy admiring beauty,"""Now, again go around the castle carrying this spoon with oil but this time see and enjoy beauty of castle too..""",matched,moderate alignment,,,,
STORAL_018,mistral,P-IMP,you then get so immersed having a good time that you forget about your responsibilities,You should appreciate the beauty around you.,,,,,,,0.459607333,0.119111016,0.284967095,poor alignment
STORAL_018,qwen,MC-IMP,you need to have balance between enjoying life and having responsabilities,True happiness requires balancing the appreciation of life's beauty with the fulfillment of one's responsibilities.,0.683111131,1,secret of happiness is to see all the beauty and marvels of world but never to forget the drops of oil on the spoon,secret of happiness is to see all the beauty and marvels of world but never to forget the drops of oil on the spoon,matched,strong alignment,0.493555933,0.477482975,0.486343592,weak but meaningful alignment
STORAL_018,qwen,P-IMP,"you get so immersed in your responsibilities, that you forget about the joys in life",,,,,,missed_by_llm,no match,,,,no match
STORAL_018,qwen,P-IMP,you then get so immersed having a good time that you forget about your responsibilities,,,,,,missed_by_llm,no match,,,,no match
